method,display_name,episode,reward,avg_delay,total_energy,handover_success_rate,handover_failure_rate,forced_termination_rate,service_continuity_rate,service_availability_rate,task_completion_rate,task_success_rate,task_failure_rate,task_settlement_rate,task_resolution_rate,pending_task_rate,handover_frequency,mec_load_fairness,active_load_balance_score,avg_load_balance_score,deadline_violation_rate,resolved_tasks,completed_tasks,deadline_violations,energy_per_successful_task,reward_delay,reward_energy,reward_qos,reward_task_success,reward_deadline_slack,reward_service_continuity,reward_handover,reward_load_balance,reward_enqueue,penalty_deadline,penalty_task_failure,penalty_queue_full,penalty_invalid_action,penalty_blocked,penalty_failed_handover,penalty_handover_cost,selected_offload
han_attn_latency_priority_g1_300k_600s_u30_final,HAN+Attn,1,-13.181551881864383,2.5743469208093273,1442.1916077919507,0.7370600414078675,0.2629399585921325,0.0,0.9662333333333333,0.9823333333333333,0.8407803650094399,0.8407803650094399,0.1592196349905601,1.0,1.0,0.0,0.026833333333333334,0.028311209109460465,0.028311209109460465,0.028311209109460465,0.1592196349905601,6356.0,5344.0,1012.0,0.26987118409280514,-1569.9826412348443,-5.53720113342143,1328.0000000000439,2137.600000000212,514.4402557495696,-3.0389999999999935,20.37850535522388,0.009828391655282567,0.0,-294.84539136191233,-809.5999999999882,-240.3000000000034,0.0,-4.0,-38.099999999999994,-10.689999999999966,
han_attn_latency_priority_g1_300k_600s_u30_final,HAN+Attn,2,-27.04373630450732,2.7141370586054308,1594.7400277494942,0.7467018469656992,0.2532981530343008,0.0,0.9542888888888887,0.9795555555555555,0.8228190052439218,0.8225575853852264,0.17712470214455917,0.9996822875297855,0.9996822875297855,0.0003177124702144559,0.04211111111111111,0.049856704258341523,0.049856704258341523,0.049856704258341523,0.17712470214455917,6293.0,5178.0,1115.0,0.3079837828793925,-1597.1932620166017,-5.527346628243055,1179.200000000037,2071.2000000001967,495.46118776592306,-4.11399999999998,32.11044870790436,0.026346692219820514,0.0,-358.7509710009033,-891.9999999999835,-352.2000000000076,0.0,-4.0,-57.59999999999981,-16.98999999999989,
han_attn_latency_priority_g1_300k_600s_u30_final,HAN+Attn,3,-24.96329966980329,2.683649583321191,1537.2812253359234,0.7477064220183486,0.25229357798165136,0.0,0.9726333333333332,0.9871666666666666,0.8239357429718875,0.8239357429718875,0.17606425702811246,1.0,1.0,0.0,0.02422222222222222,0.05317528839275564,0.05317528839275564,0.05317528839275564,0.17606425702811246,6225.0,5129.0,1096.0,0.2997233818163235,-1597.719746530205,-5.347032734421162,1174.8000000000063,2051.6000000001923,482.54628401356985,-2.4629999999999934,18.755374737193133,0.06426194906598744,0.0,-333.50996032989866,-876.7999999999844,-367.2000000000082,0.0,-3.0,-33.00000000000004,-9.789999999999985,
han_attn_latency_priority_g1_300k_600s_u30_final,HAN+Attn,4,-21.640573289092337,2.6735093767056295,1517.8058832572776,0.7161862527716186,0.2838137472283814,0.0,0.9706888888888888,0.9857222222222222,0.8328493062278154,0.8328493062278154,0.16715069377218458,1.0,1.0,0.0,0.025055555555555557,0.06319664158016967,0.06319664158016967,0.06319664158016967,0.16715069377218458,6198.0,5162.0,1036.0,0.2940344601428279,-1573.6304343712843,-5.3793491313553154,1236.000000000028,2064.8000000001953,493.2960297597294,-2.637999999999995,18.415698436526085,0.004584206848342093,0.0,-355.16764664195244,-828.7999999999871,-328.2000000000067,-0.5,-4.0,-38.099999999999994,-9.694999999999986,
han_attn_latency_priority_g1_300k_600s_u30_final,HAN+Attn,5,-14.36196887865107,2.589628468687883,1410.2027624835105,0.7668393782383419,0.23316062176165803,0.0017241379310344827,0.9552555555555555,0.9745555555555555,0.8354848866498741,0.8348277489381783,0.1643857165329558,0.9992134654711342,0.9992134654711342,0.0007865345288658172,0.03216666666666667,0.04994837703870438,0.04994837703870438,0.04994837703870438,0.1643857165329558,6352.0,5307.0,1045.0,0.2657250353275882,-1568.3997096444136,-5.46246961644613,1286.8000000000645,2122.8000000002085,503.7572041465282,-4.026999999999981,25.360031525886246,-0.00668139555256207,0.0,-293.7104309861897,-835.9999999999867,-200.10000000000187,-1.0,-4.0,-39.89999999999998,-13.329999999999908,
han_attn_latency_priority_g1_300k_600s_u30_final,HAN+Attn,6,-20.13094952893113,2.64805089027805,1459.9899217741051,0.7320819112627986,0.26791808873720135,0.0017035775127768314,0.9616888888888888,0.9812222222222222,0.8282893672115229,0.8282893672115229,0.1717106327884771,1.0,1.0,0.0,0.03255555555555555,0.04320490684051202,0.04320490684051202,0.04320490684051202,0.1717106327884771,6179.0,5118.0,1061.0,0.28526571351584706,-1543.1718406288126,-5.380528064576992,1198.4000000000372,2047.2000000001915,495.49376997371974,-3.4479999999999826,24.55667096947061,0.06426194906598744,0.0,-330.3464402694754,-848.799999999986,-279.90000000000487,-0.5,-3.0,-46.79999999999991,-12.879999999999919,
han_attn_latency_priority_g1_300k_600s_u30_final,HAN+Attn,7,-25.459399428718154,2.722814096466248,1603.613336247505,0.7394736842105263,0.26052631578947366,0.0,0.976,0.9886666666666667,0.8262180606252976,0.8260869565217391,0.17375436369406538,0.9998413202158045,0.9998413202158045,0.00015867978419549348,0.021111111111111112,0.04655733359140885,0.04655733359140885,0.04655733359140885,0.17375436369406538,6301.0,5206.0,1095.0,0.30803175878745775,-1620.9547796481063,-5.447863930487774,1206.4000000000233,2082.4000000001993,490.9454822881236,-2.159999999999994,16.03703780074099,0.004293687992418327,0.0,-375.4181128254898,-875.9999999999844,-368.4000000000082,0.0,-3.0,-29.70000000000005,-8.435000000000013,
han_attn_latency_priority_g1_300k_600s_u30_final,HAN+Attn,8,-28.82770669987175,2.732715262587177,1599.9203959526394,0.7371663244353183,0.26283367556468173,0.0,0.9713222222222222,0.9875555555555555,0.8165181413112667,0.8165181413112667,0.1834818586887333,1.0,1.0,0.0,0.027055555555555555,0.06142115100747063,0.06142115100747063,0.06142115100747063,0.1834818586887333,6284.0,5131.0,1153.0,0.3118145382873981,-1624.328015536497,-5.449231695358541,1130.000000000011,2052.4000000001924,487.39341912093033,-2.580999999999994,20.590580648081392,0.0,0.0,-388.4976276921084,-922.3999999999818,-354.6000000000077,0.0,-3.0,-38.39999999999999,-10.769999999999962,
han_attn_latency_priority_g1_300k_600s_u30_final,HAN+Attn,9,-13.725170213140785,2.5977554022444918,1412.6925239123216,0.7519230769230769,0.24807692307692308,0.0,0.9655555555555554,0.9828888888888889,0.8417019889142484,0.8417019889142484,0.15829801108575156,1.0,1.0,0.0,0.028888888888888888,0.026569246503344572,0.026569246503344572,0.026569246503344572,0.15829801108575156,6134.0,5163.0,971.0,0.2736185403665159,-1531.0477897942149,-5.3656422326003135,1288.4000000000435,2065.2000000001954,488.60614071769646,-3.0999999999999996,22.363974589819545,-0.0017270504236974406,0.0,-282.6758469618393,-776.7999999999901,-241.80000000000345,0.0,-4.0,-38.69999999999999,-11.734999999999943,
han_attn_latency_priority_g1_300k_600s_u30_final,HAN+Attn,10,-9.966600555216706,2.5233347657987695,1336.6021137619111,0.7282780410742496,0.2717219589257504,0.0031496062992125984,0.9576777777777776,0.9787777777777777,0.8443873454311868,0.8443873454311868,0.15561265456881324,1.0,1.0,0.0,0.035166666666666666,0.033256069475908506,0.033256069475908506,0.033256069475908506,0.15561265456881324,6227.0,5258.0,969.0,0.2542035210654072,-1532.113722064672,-5.416879926306586,1328.000000000081,2103.200000000204,499.5553086383024,-3.808999999999991,26.357867537383992,0.0,0.0,-262.39436582533455,-775.1999999999902,-171.9000000000008,-1.0,-2.0,-50.99999999999987,-13.829999999999897,
han_mappo,HAN+MAPPO,1,-17.85157984134761,2.6276633598281043,1357.77219385454,0.7603603603603604,0.23963963963963963,0.0,0.9618888888888888,0.9803888888888889,0.8318124606670863,0.8318124606670863,0.16818753933291378,1.0,1.0,0.0,0.030833333333333334,0.06492273560633612,0.06492273560633612,0.06492273560633612,0.16818753933291378,6356.0,5287.0,1069.0,0.2568133523462342,-1593.1986063568274,-4.964574139593276,1259.600000000034,2114.8000000002066,500.76597034209874,-3.429999999999995,26.442367125879723,0.04097784012121923,0.0,-310.62276857367493,-855.1999999999856,-250.50000000000378,0.0,-4.0,-39.89999999999998,-12.674999999999924,
han_mappo,HAN+MAPPO,2,-28.262369687369382,2.7554066832024784,1545.843551365398,0.7429193899782135,0.2570806100217865,0.0,0.9691444444444444,0.9844444444444445,0.8198570293884035,0.8198570293884035,0.1801429706115965,1.0,1.0,0.0,0.0255,0.04986184946564826,0.04986184946564826,0.04986184946564826,0.1801429706115965,6295.0,5161.0,1134.0,0.29952403630408797,-1616.767131592687,-5.077308040555397,1157.2000000000255,2064.400000000195,490.09204315654637,-2.7769999999999917,20.87103072148688,0.0,0.0,-382.3322412704274,-907.1999999999827,-376.2000000000085,0.0,-4.0,-35.40000000000002,-10.229999999999974,
han_mappo,HAN+MAPPO,3,-26.916946891718663,2.718977834313968,1480.4662754106885,0.7395209580838323,0.26047904191616766,0.0,0.9769777777777777,0.9881111111111112,0.8216294391772457,0.8213654618473896,0.1783132530120482,0.9996787148594377,0.9996787148594377,0.000321285140562249,0.018555555555555554,0.07314373126046349,0.07314373126046349,0.07314373126046349,0.1783132530120482,6223.0,5113.0,1110.0,0.28954943778812603,-1614.0853743491741,-4.979312912169272,1157.2000000000062,2045.200000000191,474.1529877752336,-2.0719999999999925,14.883165799073248,0.06509603519255816,0.0,-351.9483222506764,-887.9999999999837,-382.50000000000875,0.0,-3.0,-26.10000000000004,-7.440000000000016,
han_mappo,HAN+MAPPO,4,-23.377650491005667,2.7042323328761,1455.3748365414247,0.7455919395465995,0.25440806045340053,0.0,0.9742666666666666,0.9875,0.8276863504356244,0.8276863504356244,0.17231364956437561,1.0,1.0,0.0,0.022055555555555554,0.066422093885927,0.066422093885927,0.066422093885927,0.17231364956437561,6198.0,5130.0,1068.0,0.28369879854608665,-1583.7051109360636,-4.958807062833065,1197.6000000000108,2052.0000000001924,484.4323814939319,-2.315999999999994,17.975365769463174,0.045171913741705844,0.0,-352.49753028978165,-854.3999999999857,-344.1000000000073,-0.5,-4.0,-30.00000000000005,-8.900000000000004,
han_mappo,HAN+MAPPO,5,-13.920448188623785,2.592591125749408,1285.8413358289206,0.8060836501901141,0.19391634980988592,0.0,0.9582444444444443,0.9757777777777777,0.8350125944584383,0.8343558282208589,0.16485763725027527,0.9992134654711342,0.9992134654711342,0.0007865345288658172,0.029222222222222222,0.08321533862591303,0.08321533862591303,0.08321533862591303,0.16485763725027527,6352.0,5304.0,1048.0,0.24242860781088246,-1570.5205135365632,-4.8763306380692795,1283.200000000063,2121.600000000208,500.82973998472414,-3.7579999999999867,27.277995312297218,0.012317423945407358,0.0,-295.013711136062,-838.3999999999866,-199.50000000000185,-0.5,-5.0,-30.30000000000005,-12.734999999999921,
han_mappo,HAN+MAPPO,6,-21.383262411087617,2.6684945746741593,1392.6699751324868,0.7505197505197505,0.2494802494802495,0.0,0.9671333333333332,0.9831666666666666,0.8258617899336462,0.8258617899336462,0.17413821006635377,1.0,1.0,0.0,0.026722222222222224,0.043133730073350675,0.043133730073350675,0.043133730073350675,0.17413821006635377,6179.0,5103.0,1076.0,0.27291200766852575,-1551.8342905282304,-4.914075744729281,1180.4000000000315,2041.2000000001901,493.6569840966287,-2.957999999999985,22.620063175254643,0.035473952335431796,0.0,-340.3598329237189,-860.7999999999853,-304.5000000000058,0.0,-4.0,-36.000000000000014,-10.844999999999962,
han_mappo,HAN+MAPPO,7,-24.95022689800117,2.7250214826826453,1497.8811887808167,0.74375,0.25625,0.0,0.9707777777777777,0.9867777777777778,0.8285714285714286,0.8283084735004761,0.17137416693113297,0.999682640431609,0.999682640431609,0.00031735956839098697,0.02666666666666667,0.09137270078992153,0.09137270078992153,0.09137270078992153,0.17137416693113297,6300.0,5220.0,1080.0,0.28695041930666987,-1624.7299963823139,-5.141145291641328,1224.0000000000255,2088.0000000002005,483.56225709564376,-2.629999999999993,21.701021647961813,0.05381841247425245,0.0,-362.1507304535966,-863.9999999999851,-355.50000000000773,0.0,-3.0,-36.900000000000006,-10.734999999999964,
han_mappo,HAN+MAPPO,8,-32.81557432222413,2.7815465005432625,1571.589297757537,0.7551020408163265,0.24489795918367346,0.0,0.9759888888888888,0.9890555555555556,0.8106000318319274,0.810471037555697,0.1893698281349459,0.9998408656906429,0.9998408656906429,0.00015913430935709738,0.021777777777777778,0.08144936252896699,0.08144936252896699,0.08144936252896699,0.1893698281349459,6283.0,5093.0,1190.0,0.3085783031135945,-1646.2533638253344,-5.063408987845557,1085.199999999975,2037.2000000001892,478.2893136327361,-2.160999999999993,18.081629759832467,0.0029004146347541343,0.0,-413.1740970847159,-951.9999999999801,-395.10000000000923,-0.5,-3.0,-28.500000000000046,-8.895000000000003,
han_mappo,HAN+MAPPO,9,-13.69027253609743,2.5984420310581005,1297.8114554141785,0.7695652173913043,0.23043478260869565,0.0,0.9683333333333333,0.9836666666666667,0.8401565813081063,0.8397456798174111,0.1597652429083795,0.9995109227257907,0.9995109227257907,0.000489077274209325,0.025555555555555557,0.06644662313315683,0.06644662313315683,0.06644662313315683,0.1597652429083795,6131.0,5151.0,980.0,0.2519533013811257,-1533.2123617849927,-4.81683386332983,1276.40000000004,2060.4000000001943,486.8193136122977,-2.849999999999994,22.191776401607505,0.06164164848246152,0.0,-287.5326420936957,-783.9999999999897,-237.6000000000033,0.0,-4.0,-31.800000000000054,-10.629999999999965,
han_mappo,HAN+MAPPO,10,-8.956253410170547,2.5261941278629663,1200.7900880897457,0.7671641791044777,0.23283582089552238,0.0,0.9568888888888887,0.9792222222222222,0.8472534532605204,0.8471173920025694,0.15272201702264332,0.9998394090252127,0.9998394090252127,0.00016059097478721696,0.03722222222222222,0.08146437374970651,0.08146437374970651,0.08146437374970651,0.15272201702264332,6226.0,5275.0,951.0,0.227637931391421,-1536.0621268644113,-4.788038767153392,1349.200000000076,2110.0000000002055,495.2842536752375,-3.8799999999999892,33.307208813689996,0.009864001164244116,0.0,-254.3705994021897,-760.799999999991,-169.80000000000072,0.0,-4.0,-46.79999999999991,-15.439999999999863,
attn_mappo,Attn+MAPPO,1,-15.396186009634388,2.630032084635243,1627.7402117587644,0.7350901525658807,0.26490984743411927,0.0,0.9543555555555555,0.9783888888888889,0.8384203901825047,0.8384203901825047,0.16157960981749528,1.0,1.0,0.0,0.04005555555555555,0.01664454262981857,0.01664454262981857,0.01664454262981857,0.16157960981749528,6356.0,5329.0,1027.0,0.30544946739702844,-1589.0003465682798,-6.516370702003222,1310.0000000000343,2131.6000000002105,496.98245088437915,-4.107999999999996,30.255787040186863,-0.0011317639434537258,0.0,-289.6109611672612,-821.5999999999875,-210.00000000000225,0.0,-4.0,-57.29999999999981,-15.909999999999854,
attn_mappo,Attn+MAPPO,2,-32.83348675425068,2.7875967051478883,1802.1490394019377,0.745676500508647,0.254323499491353,0.0,0.9444555555555555,0.9772222222222222,0.8136616362192216,0.8136616362192216,0.1863383637807784,1.0,1.0,0.0,0.05461111111111111,0.026637167864368136,0.026637167864368136,0.026637167864368136,0.1863383637807784,6295.0,5122.0,1173.0,0.35184479488518894,-1627.9504239113721,-6.387903307000042,1110.4000000000171,2048.8000000001916,478.7119550635965,-4.9989999999999855,41.51919220218884,-0.0020046493760970093,0.0,-375.4779148823011,-938.3999999999809,-351.9000000000076,0.0,-4.0,-74.99999999999964,-22.000000000000078,
attn_mappo,Attn+MAPPO,3,-28.142959216237372,2.7286668500645157,1715.3999449742114,0.734789391575663,0.26521060842433697,0.0,0.9625222222222222,0.9838888888888889,0.8192771084337349,0.8192771084337349,0.18072289156626506,1.0,1.0,0.0,0.035611111111111114,0.02328556796903331,0.02328556796903331,0.02328556796903331,0.18072289156626506,6225.0,5100.0,1125.0,0.3363529303871003,-1616.1843878470436,-6.183573406054584,1139.9999999999914,2040.0000000001899,469.761879335953,-3.3729999999999922,26.85820182237467,0.09377014624863023,0.0,-334.2811588357503,-899.9999999999831,-353.40000000000765,0.0,-3.0,-50.99999999999987,-14.144999999999891,
attn_mappo,Attn+MAPPO,4,-24.45772214913246,2.7217342650679357,1691.0654967565747,0.7229437229437229,0.27705627705627706,0.0,0.9583444444444444,0.9814444444444445,0.825883492012264,0.8257502420135527,0.17408841561794128,0.999838657631494,0.999838657631494,0.00016134236850596966,0.0385,0.024948377517670293,0.024948377517670293,0.024948377517670293,0.17408841561794128,6197.0,5118.0,1079.0,0.3304152983111713,-1587.8982741598552,-6.206440444767235,1184.0000000000218,2047.2000000001915,477.90931776830683,-3.748999999999986,28.42175266878568,0.015154795777400282,0.0,-347.6174173301976,-863.1999999999852,-292.20000000000533,0.0,-4.0,-57.59999999999981,-15.044999999999872,
attn_mappo,Attn+MAPPO,5,-16.257981121329472,2.636464219107778,1590.0869655956285,0.7369062119366626,0.2630937880633374,0.0,0.9416888888888888,0.9690555555555556,0.8326774752085628,0.8321535315400346,0.16721724083687273,0.9993707723769073,0.9993707723769073,0.0006292276230926538,0.04561111111111111,0.029992624845294743,0.029992624845294743,0.029992624845294743,0.16721724083687273,6353.0,5290.0,1063.0,0.3005835473715744,-1583.4636809732153,-6.41621860360735,1265.6000000000645,2116.000000000207,486.611760815269,-5.247999999999984,34.541147951248576,0.0,0.0,-275.6935063609374,-850.3999999999859,-162.90000000000046,0.0,-5.0,-64.79999999999974,-18.14999999999993,
attn_mappo,Attn+MAPPO,6,-27.148746145905424,2.7090478677000096,1637.6192293316553,0.7176470588235294,0.2823529411764706,0.0,0.9342222222222221,0.9710555555555556,0.817284350218482,0.817284350218482,0.18271564978151805,1.0,1.0,0.0,0.06138888888888889,0.016583314950544048,0.016583314950544048,0.016583314950544048,0.18271564978151805,6179.0,5050.0,1129.0,0.3242810355112189,-1561.4606939655837,-6.192007264687316,1116.8000000000156,2020.0000000001853,479.13123714882425,-5.919999999999993,45.19812302756104,0.031153843639870574,0.0,-337.6171337097734,-903.1999999999829,-254.40000000000393,0.0,-4.0,-93.59999999999947,-23.795000000000147,
attn_mappo,Attn+MAPPO,7,-28.860570817135454,2.781758923421224,1788.9614508749135,0.7437275985663082,0.25627240143369173,0.0,0.9680111111111112,0.9866111111111111,0.8195524519917473,0.8194224055855284,0.1804189146302761,0.9998413202158045,0.9998413202158045,0.00015867978419549348,0.031,0.021618901319599267,0.021618901319599267,0.021618901319599267,0.1804189146302761,6301.0,5164.0,1137.0,0.34642940566903824,-1644.5375412482197,-6.289323708126301,1155.9999999999975,2065.6000000001955,475.75634146863985,-2.8789999999999942,23.6184050063131,0.0365490633008278,0.0,-378.7814778661017,-909.5999999999825,-345.90000000000737,0.0,-3.0,-42.89999999999995,-12.459999999999926,
attn_mappo,Attn+MAPPO,8,-33.0714891517384,2.7884766806945023,1808.8494411171905,0.766398158803222,0.2336018411967779,0.0,0.9545888888888888,0.9835555555555555,0.8131763208147677,0.8131763208147677,0.18682367918523235,1.0,1.0,0.0,0.04827777777777778,0.024944860032439044,0.024944860032439044,0.024944860032439044,0.18682367918523235,6284.0,5110.0,1174.0,0.35398227810512534,-1645.790378686727,-6.43588222447648,1104.7999999999975,2044.0000000001908,473.58559096643717,-4.0869999999999855,37.880989699202836,0.0,0.0,-394.12540914840537,-939.1999999999808,-356.40000000000776,0.0,-3.0,-60.89999999999978,-19.98,
attn_mappo,Attn+MAPPO,9,-15.607916908223197,2.6438003853528347,1585.4947305896487,0.7540983606557377,0.2459016393442623,0.0,0.9556,0.98,0.8359960873818063,0.8359960873818063,0.16400391261819366,1.0,1.0,0.0,0.04066666666666666,0.013292942719278469,0.013292942719278469,0.013292942719278469,0.16400391261819366,6134.0,5128.0,1006.0,0.3091838398185742,-1549.4056687452621,-6.246513200162402,1246.4000000000192,2051.200000000192,471.65243346630604,-3.9959999999999964,31.47766741279689,0.03199999740600588,0.0,-269.5685296171573,-804.7999999999885,-195.3000000000017,0.0,-4.0,-53.999999999999844,-16.564999999999873,
attn_mappo,Attn+MAPPO,10,-7.780535624831823,2.565405778897213,1507.4750452489836,0.7298387096774194,0.2701612903225806,0.0,0.9643555555555555,0.9808888888888889,0.8451654352714424,0.8450297093303356,0.15480969969487715,0.9998394090252127,0.9998394090252127,0.00016059097478721696,0.027555555555555555,0.026611526651462537,0.026611526651462537,0.026611526651462537,0.15480969969487715,6226.0,5262.0,964.0,0.2864832849199893,-1547.094891889333,-6.299406750170042,1333.6000000000802,2104.8000000002044,483.55545126195904,-3.207999999999996,20.693171840670672,0.0,0.0,-231.63420270201476,-771.1999999999904,-135.59999999999943,0.0,-4.0,-40.199999999999974,-10.85999999999996,
mappo_no_han,MAPPO,1,-53.381869642694845,2.9768334734810953,1931.871068446449,0.726027397260274,0.273972602739726,0.0,0.9869,0.9893333333333333,0.7800503461296413,0.7800503461296413,0.21994965387035872,1.0,1.0,0.0,0.004055555555555555,0.014992625137235859,0.014992625137235859,0.014992625137235859,0.21994965387035872,6356.0,4958.0,1398.0,0.3896472505942818,-1712.763007472976,-5.4662825803384685,864.7999999999463,1983.200000000177,469.39950207452074,-1.1789999999999987,3.3851033595193383,0.0,0.0,-538.2489517360457,-1118.3999999999708,-632.9999999999953,0.0,-4.0,-5.999999999999998,-1.5900000000000012,
mappo_no_han,MAPPO,2,-58.36267187535378,3.057762389559481,2027.9099426790442,0.75,0.25,0.0,0.9873888888888889,0.9900555555555556,0.7742652899126291,0.7742652899126291,0.22573471008737092,1.0,1.0,0.0,0.0044444444444444444,0.02495000523214314,0.02495000523214314,0.02495000523214314,0.22573471008737092,6295.0,4874.0,1421.0,0.41606687375442025,-1715.2899020870013,-5.526992283468069,812.7999999999552,1949.6000000001693,462.97093510205445,-1.134999999999999,3.8200299773137414,0.005107188067584218,0.0,-583.9819595353496,-1136.7999999999697,-677.9999999999885,0.0,-4.0,-5.999999999999998,-1.8050000000000013,
mappo_no_han,MAPPO,3,-51.326338599813866,2.9552583535991706,1915.9994894178071,0.7432432432432432,0.25675675675675674,0.0,0.9902555555555556,0.9927222222222222,0.7861847389558233,0.7861847389558233,0.2138152610441767,1.0,1.0,0.0,0.004111111111111111,0.021611526756378875,0.021611526756378875,0.021611526756378875,0.2138152610441767,6225.0,4894.0,1331.0,0.39149969133996876,-1686.4819792162198,-5.535785545754407,892.7999999999477,1957.6000000001711,456.73827906243366,-0.8770000000000007,3.5035617122495766,0.0,0.0,-495.352228497464,-1064.7999999999738,-667.1999999999902,0.0,-3.0,-5.699999999999998,-1.6500000000000012,
mappo_no_han,MAPPO,4,-49.02448690804891,2.9438713383496133,1882.4172190585596,0.7808219178082192,0.2191780821917808,0.0,0.9900666666666667,0.9925,0.7881574701516618,0.7881574701516618,0.21184252984833818,1.0,1.0,0.0,0.004055555555555555,0.026594548146300186,0.026594548146300186,0.026594548146300186,0.21184252984833818,6198.0,4885.0,1313.0,0.3853464112709436,-1663.6221234607456,-5.455034611571634,903.5999999999448,1954.0000000001703,465.54413955352845,-0.8940000000000007,3.626156798229579,0.004662067509462154,0.0,-517.9251911276581,-1050.3999999999746,-617.3999999999977,0.0,-4.0,-4.799999999999999,-1.7150000000000012,
mappo_no_han,MAPPO,5,-48.88997656975125,2.9499453289238233,1877.7923700539143,0.7792207792207793,0.22077922077922077,0.0,0.9788777777777777,0.9814444444444445,0.7881649354737174,0.7877929841120025,0.21173509517067798,0.9995280792826805,0.9995280792826805,0.00047192071731949034,0.004277777777777778,0.021622418820035787,0.021622418820035787,0.021622418820035787,0.21173509517067798,6354.0,5008.0,1346.0,0.3749585403462289,-1688.9209610411972,-5.614688520237997,926.3999999999334,2003.2000000001815,465.9056180772878,-1.900999999999999,3.7211999905954674,0.0,0.0,-500.0976213277261,-1076.7999999999731,-599.4000000000004,0.0,-5.0,-5.099999999999999,-1.8000000000000014,
mappo_no_han,MAPPO,6,-51.206155304670276,2.984778487621161,1891.5764417355724,0.6941176470588235,0.3058823529411765,0.0,0.9861111111111112,0.9889444444444444,0.7824890759022496,0.7824890759022496,0.21751092409775044,1.0,1.0,0.0,0.004722222222222222,0.03990224002242997,0.03990224002242997,0.03990224002242997,0.21751092409775044,6179.0,4835.0,1344.0,0.3912257376909147,-1652.4444183878602,-5.468001044325058,858.7999999999571,1934.0000000001658,462.4121745866625,-1.2499999999999991,3.763925498898379,0.02889844338275055,0.0,-525.8078659805324,-1075.1999999999732,-628.1999999999961,0.0,-4.0,-7.799999999999997,-1.7800000000000014,
mappo_no_han,MAPPO,7,-51.2264111667231,2.989991743946996,1941.7644578391676,0.7183098591549296,0.28169014084507044,0.0,0.9913,0.9936666666666667,0.7870179336613236,0.7868930498254523,0.21294827039035227,0.9998413202158045,0.9998413202158045,0.00015867978419549348,0.003944444444444445,0.029887149748684696,0.029887149748684696,0.029887149748684696,0.21294827039035227,6301.0,4959.0,1342.0,0.39156371402282064,-1714.0497277617533,-5.515225908110834,909.9999999999363,1983.600000000177,462.3043251171916,-0.7830000000000006,3.228140000116965,0.06707200909693892,0.0,-540.8188553288397,-1073.5999999999733,-618.2999999999976,0.0,-3.0,-5.999999999999998,-1.5450000000000008,
mappo_no_han,MAPPO,8,-56.06949705409618,3.026244901209526,2012.0822421083433,0.7228915662650602,0.27710843373493976,0.0,0.9907888888888889,0.9935555555555555,0.7807129217059198,0.7807129217059198,0.2192870782940802,1.0,1.0,0.0,0.004611111111111111,0.029869829932000977,0.029869829932000977,0.029869829932000977,0.2192870782940802,6284.0,4906.0,1378.0,0.41012683287980906,-1719.4211708216387,-5.678986064656659,859.9999999999557,1962.4000000001722,459.5686605499402,-0.8290000000000006,3.831787002694752,0.0,0.0,-564.7570759538594,-1102.3999999999717,-678.8999999999884,0.0,-3.0,-6.899999999999998,-1.8000000000000014,
mappo_no_han,MAPPO,9,-44.35299779106339,2.9203698103278577,1810.2146660889111,0.7435897435897436,0.2564102564102564,0.0,0.9867333333333334,0.9893333333333333,0.7952396478643625,0.7952396478643625,0.20476035213563742,1.0,1.0,0.0,0.004333333333333333,0.023285567961430668,0.023285567961430668,0.023285567961430668,0.20476035213563742,6134.0,4878.0,1256.0,0.37109771752540205,-1635.5623762370851,-5.392920116513657,946.3999999999481,1951.2000000001697,456.9003890250978,-1.1939999999999977,3.6882784031053495,0.03199999740600588,0.0,-475.32926819589795,-1004.7999999999771,-571.2000000000047,0.0,-4.0,-5.999999999999998,-1.7450000000000012,
mappo_no_han,MAPPO,10,-50.70372031511864,2.960283102971638,1874.1353211990827,0.8055555555555556,0.19444444444444445,0.0,0.9853222222222222,0.9877222222222222,0.7870563674321504,0.7870563674321504,0.21294363256784968,1.0,1.0,0.0,0.004,0.028303834498596903,0.028303834498596903,0.028303834498596903,0.21294363256784968,6227.0,4901.0,1326.0,0.3823985556415186,-1670.653126701405,-5.486103271105351,899.599999999952,1960.4000000001718,459.5877863321184,-1.3209999999999986,3.697413997408657,0.0,0.0,-520.933190121771,-1060.799999999974,-637.4999999999947,0.0,-4.0,-4.199999999999999,-1.7400000000000013,
min_distance,Min-Distance,1,-63.111955010981276,3.1035118667179487,1595.7021106365319,0.7142857142857143,0.2857142857142857,0.0,0.9856222222222223,0.9888888888888889,0.7686860739575138,0.7685651353052234,0.23127753303964757,0.999842668344871,0.999842668344871,0.00015733165512901197,0.0054444444444444445,0.058204447041221956,0.058204447041221956,0.058204447041221956,0.23127753303964757,6355.0,4885.0,1470.0,0.3266534515120843,-1758.8966220640118,-3.3476275335434593,777.9999999999376,1954.0000000001703,444.9202448407749,-1.2939999999999987,4.116989585267997,0.0,0.0,-583.759945209279,-1175.9999999999675,-718.1999999999824,0.0,-4.0,-8.399999999999999,-2.100000000000001,1.0
min_distance,Min-Distance,2,-66.88262058894038,3.1708472849908484,1676.2814482618562,0.7407407407407407,0.25925925925925924,0.0,0.9873,0.99,0.7632666031140769,0.7631453534551231,0.23669579030976967,0.9998411437648927,0.9998411437648927,0.00015885623510722796,0.0045,0.051505645339284874,0.051505645339284874,0.051505645339284874,0.23669579030976967,6294.0,4804.0,1490.0,0.3489345229520933,-1760.6526822992575,-3.3771188602213935,729.5999999999526,1921.600000000163,438.9079233439989,-1.1430000000000002,3.5415689789669287,0.0,0.0,-615.7517848820818,-1191.9999999999666,-750.8999999999775,0.0,-4.0,-6.299999999999998,-1.8000000000000014,1.0
min_distance,Min-Distance,3,-62.13095197750601,3.099399940310556,1608.5526630824347,0.6818181818181818,0.3181818181818182,0.0,0.9892888888888889,0.9922222222222222,0.7709236947791165,0.7709236947791165,0.22907630522088354,1.0,1.0,0.0,0.004888888888888889,0.04321507727768598,0.04321507727768598,0.04321507727768598,0.22907630522088354,6225.0,4799.0,1426.0,0.3351849683439122,-1738.0233253733197,-3.4548535289923388,778.7999999999503,1919.6000000001625,429.90622147272336,-0.9640000000000006,3.5506769264617697,0.0,0.0,-544.7890230877097,-1140.7999999999695,-746.3999999999781,0.0,-3.0,-8.399999999999999,-1.8000000000000014,1.0
min_distance,Min-Distance,4,-56.83380066387993,3.0720390030667835,1548.9134504873887,0.7415730337078652,0.25842696629213485,0.0,0.9891444444444445,0.9921111111111112,0.782187802516941,0.782187802516941,0.21781219748305905,1.0,1.0,0.0,0.004944444444444444,0.054797445515350145,0.054797445515350145,0.054797445515350145,0.21781219748305905,6198.0,4848.0,1350.0,0.3194953486978937,-1700.127889200807,-3.346273352472768,859.1999999999417,1939.200000000167,447.45187479567704,-0.9770000000000008,3.9102776527846346,0.0,0.0,-559.778449657232,-1079.999999999973,-707.699999999984,0.0,-4.0,-6.899999999999998,-1.9800000000000015,1.0
min_distance,Min-Distance,5,-62.27106435337959,3.1140617413661817,1566.965939722594,0.7064220183486238,0.29357798165137616,0.0,0.9769777777777777,0.9806111111111111,0.7701873130804344,0.7697026899480888,0.22966808242881862,0.9993707723769073,0.9993707723769073,0.0006292276230926538,0.006055555555555555,0.05811864105460824,0.05811864105460824,0.05811864105460824,0.22966808242881862,6353.0,4893.0,1460.0,0.32024646223637726,-1750.9647550305237,-3.4231863129550937,789.1999999999492,1957.200000000171,435.552640527478,-2.0719999999999974,4.495341752075844,0.005031574539675721,0.0,-569.8324239075653,-1167.999999999968,-695.9999999999858,0.0,-5.0,-9.600000000000001,-2.3199999999999994,1.0
min_distance,Min-Distance,6,-60.13964892799308,3.1222753543595125,1560.3111352391186,0.625,0.375,0.0,0.9851888888888889,0.9883888888888889,0.7729406052759347,0.7729406052759347,0.2270593947240654,1.0,1.0,0.0,0.005333333333333333,0.05813335331607676,0.05813335331607676,0.05813335331607676,0.2270593947240654,6179.0,4776.0,1403.0,0.32669831139847544,-1701.3617986314143,-3.4054450088316344,787.999999999959,1910.4000000001604,436.6894750103101,-1.333,3.532174454051288,0.0,0.0,-571.7495037427726,-1122.3999999999705,-701.099999999985,0.0,-4.0,-10.800000000000004,-1.8000000000000014,1.0
min_distance,Min-Distance,7,-60.351652487990016,3.124092063137233,1601.579713197478,0.7441860465116279,0.2558139534883721,0.0,0.990688888888889,0.9935555555555555,0.7774603174603174,0.7772135829895271,0.22246905744208187,0.999682640431609,0.999682640431609,0.00031735956839098697,0.0047777777777777775,0.09794452219958472,0.09794452219958472,0.09794452219958472,0.22246905744208187,6300.0,4898.0,1402.0,0.32698646655726377,-1761.3815364584234,-3.38356013537397,837.5999999999311,1959.2000000001715,437.76825550041525,-0.8380000000000006,3.8051318130007976,0.0,0.0,-589.7718037026384,-1121.5999999999706,-697.4999999999856,0.0,-3.0,-6.599999999999998,-1.9200000000000015,1.0
min_distance,Min-Distance,8,-67.08328915109361,3.1591907610701457,1678.0751745528737,0.6818181818181818,0.3181818181818182,0.0,0.9903444444444445,0.9932777777777778,0.7646403564608529,0.7646403564608529,0.23535964353914704,1.0,1.0,0.0,0.004888888888888889,0.05812495271783753,0.05812495271783753,0.05812495271783753,0.23535964353914704,6284.0,4805.0,1479.0,0.3492352080234909,-1774.5463100563354,-3.4942166246749014,738.7999999999474,1922.000000000163,432.5859324017225,-0.8690000000000007,3.5593901118357834,-0.0027799311149640463,0.0,-622.9829102754838,-1183.199999999967,-746.9999999999781,0.0,-3.0,-8.399999999999999,-1.8100000000000012,1.0
min_distance,Min-Distance,9,-55.18188319279026,3.072397017943064,1497.462150482076,0.7204301075268817,0.27956989247311825,0.0,0.9859,0.989,0.7834664927441709,0.783338767525269,0.21649820671666123,0.9998369742419302,0.9998369742419302,0.00016302575806977502,0.005166666666666667,0.054903867437359054,0.054903867437359054,0.054903867437359054,0.21649820671666123,6133.0,4805.0,1328.0,0.3116466494239492,-1688.3478640435949,-3.3163118324667464,859.5999999999354,1922.000000000163,431.6920995489404,-1.2689999999999984,3.93019547748757,-9.433584325287959e-05,0.0,-542.888746429928,-1062.399999999974,-662.3999999999909,0.0,-4.0,-7.799999999999997,-2.0200000000000014,1.0
min_distance,Min-Distance,10,-60.981003326632575,3.091187447875631,1554.7423971142707,0.7228915662650602,0.27710843373493976,0.0,0.9844555555555555,0.9872222222222222,0.7746546739479602,0.7745302713987474,0.2253091376264654,0.9998394090252127,0.9998394090252127,0.00016059097478721696,0.004611111111111111,0.06314741762170634,0.06314741762170634,0.06314741762170634,0.2253091376264654,6226.0,4823.0,1403.0,0.322360024282453,-1719.648569005024,-3.4249769550348437,806.7999999999594,1929.2000000001647,434.4735667921449,-1.3989999999999996,3.5061210401723346,0.005686740526272138,0.0,-567.9447705271984,-1122.3999999999705,-728.6999999999808,0.0,-4.0,-6.899999999999998,-1.8150000000000013,1.0
random,Random,1,-181.81871107733778,3.4001382974312087,904.3794657597585,0.7158764034517955,0.2841235965482045,0.0012048192771084338,0.34443333333333304,0.7036666666666667,0.6096906565656566,0.6077721837633732,0.38908118313404655,0.9968533668974198,0.9968533668974198,0.0031466331025802393,0.5987222222222223,0.08644482447219283,0.08644482447219283,0.08644482447219283,0.38908118313404655,6336.0,3863.0,2473.0,0.234113245084069,-1777.6063775326897,-1.9729157164679476,-433.20000000006416,1545.2000000000774,319.3076347649674,-59.001000000000026,486.07300619720945,0.7039072036554178,0.0,-822.0532146686061,-1978.3999999999219,-293.7000000000054,-14.5,-1.0,-909.8999999999534,-232.6650000000071,1.0
random,Random,2,-187.76405790796642,3.4897160852342988,1093.4232031340953,0.7083214995739847,0.29167850042601534,0.00047312641937925814,0.3503444444444457,0.7024444444444444,0.6035031847133758,0.6020651310563939,0.39555202541699763,0.9976171564733916,0.9976171564733916,0.0023828435266084196,0.5868333333333333,0.06647337634214877,0.06647337634214877,0.06647337634214877,0.39555202541699763,6280.0,3790.0,2490.0,0.28850216441532855,-1761.9040449537988,-2.2027478280439556,-476.00000000004434,1516.0000000000707,313.85966932187483,-58.46900000000004,473.25975621568483,0.8064158920561538,0.0,-858.2914196853399,-1991.999999999921,-410.4000000000098,-8.5,-3.0,-919.199999999952,-225.83000000000675,1.0
random,Random,3,-182.82494952006007,3.4251926674500863,1056.076920702677,0.7118724947509066,0.28812750524909336,0.0008582053971583866,0.3657333333333337,0.7150000000000001,0.611003861003861,0.6101204819277108,0.388433734939759,0.9985542168674699,0.9985542168674699,0.0014457831325301205,0.5821111111111111,0.07143873659626233,0.07143873659626233,0.07143873659626233,0.388433734939759,6216.0,3798.0,2418.0,0.2780613271992304,-1767.2566263000647,-2.103896499663765,-415.200000000061,1519.2000000000714,314.8087819109616,-57.083999999999946,468.2548292333687,0.7458237439509547,0.0,-838.9244083948441,-1934.3999999999244,-396.9000000000093,-11.0,-2.0,-899.099999999955,-225.00500000000676,1.0
random,Random,4,-188.26446274248784,3.483531545500986,1002.6453310300927,0.7055680539932508,0.29443194600674916,0.0003748125937031484,0.3452888888888882,0.7008888888888889,0.5971211386058548,0.59567602452404,0.4019038399483704,0.9975798644724104,0.9975798644724104,0.002420135527589545,0.5926666666666667,0.07471923892645321,0.07471923892645321,0.07471923892645321,0.4019038399483704,6183.0,3692.0,2491.0,0.2715724081879991,-1756.7338045969313,-1.9934987239080455,-516.0000000000556,1476.8000000000618,303.69556669015094,-58.924000000000014,471.191516756367,0.9523699231858662,0.0,-853.184923077678,-1992.799999999921,-348.9000000000075,-9.5,-4.0,-936.5999999999493,-227.2500000000067,1.0
random,Random,5,-179.82215469350865,3.392580442089844,891.9335055738757,0.7232397606994938,0.2767602393005062,0.0011032453801599707,0.34205555555555645,0.7042222222222223,0.6104449353108236,0.6086204184363694,0.38839075035394055,0.9970111687903099,0.9970111687903099,0.0029888312096901055,0.6036111111111111,0.08143187371477494,0.08143187371477494,0.08143187371477494,0.38839075035394055,6338.0,3869.0,2469.0,0.2305333433894742,-1763.6074946909448,-1.976133469259418,-427.60000000003345,1547.600000000078,318.7695113221711,-59.21499999999995,497.0568528979733,0.8832243357408558,0.0,-820.8657145963275,-1975.199999999922,-269.7000000000045,-12.5,-5.0,-894.5999999999557,-236.99500000000722,1.0
random,Random,6,-180.8213516486764,3.4584885602390805,1033.5680584798667,0.712989806415412,0.28701019358458807,0.000934317481080071,0.3536777777777773,0.7101111111111111,0.6140635126377187,0.6133678588768409,0.38549927172681664,0.9988671306036575,0.9988671306036575,0.0011328693963424503,0.5940555555555556,0.07141874727000158,0.07141874727000158,0.07141874727000158,0.38549927172681664,6172.0,3790.0,2382.0,0.27270925025854004,-1748.1251125467588,-2.0999411292780694,-389.6000000000144,1516.0000000000707,318.5659320073465,-58.16899999999999,485.2480155135614,0.622335118368411,0.0,-830.2957728479919,-1905.599999999926,-359.7000000000079,-11.5,-1.0,-913.7999999999528,-229.93500000000694,1.0
random,Random,7,-190.96471531372535,3.48505112987352,1023.2101520414574,0.7024404032789975,0.2975595967210025,0.0007532247434328217,0.3429000000000001,0.6966666666666667,0.5954429572976419,0.5929863535385592,0.402887972072358,0.9958743256109172,0.9958743256109172,0.004125674389082831,0.5896111111111111,0.11456084911463918,0.11456084911463918,0.11456084911463918,0.402887972072358,6276.0,3737.0,2539.0,0.27380523201537527,-1773.1128832349139,-2.0968055288410437,-536.4000000000584,1494.800000000066,305.82083667294523,-59.138999999999996,461.86281204158604,0.7445817708706154,0.0,-870.8814306584206,-2031.1999999999189,-363.90000000000805,-10.5,-2.0,-941.0999999999486,-225.02500000000668,1.0
random,Random,8,-201.7625443971739,3.5769072336462275,1113.8644364206543,0.6944098187745709,0.3055901812254291,0.0005749880210828941,0.3394777777777782,0.6871111111111111,0.5798882681564246,0.5781349458943348,0.41884150222788036,0.9969764481222152,0.9969764481222152,0.00302355187778485,0.5793888888888888,0.09142946800819474,0.09142946800819474,0.09142946800819474,0.41884150222788036,6265.0,3633.0,2632.0,0.30659632161317213,-1809.5659328779902,-2.0637647104303256,-652.4000000000233,1453.2000000000564,298.2453795348969,-59.44699999999993,448.52141360347866,0.8393320364584264,0.0,-976.3213627864267,-2105.599999999931,-395.10000000000923,-11.5,-2.0,-949.1999999999474,-218.63500000000647,1.0
random,Random,9,-168.968987886272,3.332462027626189,884.7795884505532,0.7216361280769943,0.2783638719230057,0.0008321775312066575,0.35552222222222185,0.7157222222222221,0.6300049027618893,0.6284642973589827,0.36909031626997063,0.9975546136289534,0.9975546136289534,0.002445386371046625,0.6003333333333334,0.06153203339808351,0.06153203339808351,0.06153203339808351,0.36909031626997063,6119.0,3855.0,2264.0,0.22951480893658968,-1696.2659022709438,-1.967483282882397,-269.2000000000014,1542.0000000000766,325.0725262622692,-58.00299999999995,489.93279142339804,0.5710572270412257,0.0,-757.9066582933,-1811.1999999999314,-274.20000000000465,-13.5,-2.0,-894.2999999999557,-235.07000000000718,1.0
random,Random,10,-162.30086413674428,3.256024269755167,778.677307151585,0.7359248106579067,0.26407518934209323,0.0004560379423568041,0.362866666666667,0.7281666666666666,0.6396135265700483,0.6378673518548258,0.35940260157379156,0.9972699534286174,0.9972699534286174,0.0027300465713826884,0.6088333333333333,0.10956274282473742,0.10956274282473742,0.10956274282473742,0.35940260157379156,6210.0,3972.0,2238.0,0.19604161811469914,-1716.8161692249244,-1.909752950252543,-201.59999999999997,1588.8000000000873,328.7283791545945,-57.34200000000003,518.1631349108666,0.6822797845656638,0.0,-724.1689238954316,-1790.3999999999326,-233.10000000000312,-12.0,-3.0,-860.9999999999608,-243.2100000000074,1.0
joint_greedy,Joint Greedy,1,-128.02958090207267,4.1755754729498324,3065.800069864702,0.8571428571428571,0.14285714285714285,0.0,0.9349555555555555,0.9370555555555555,0.5723953415171545,0.5722152297042165,0.4274701069855255,0.999685336689742,0.999685336689742,0.00031466331025802394,0.0035,0.0,0.0,0.0,0.4274701069855255,6354.0,3637.0,2717.0,0.8429475033996982,-1991.4107581834714,-5.331378637799588,-718.8000000000145,1454.8000000000568,318.12364440955116,-5.853999999999969,3.4259442795423163,0.0,0.0,-1262.9548789300106,-2173.5999999999462,0.0,0.0,-4.0,-2.6999999999999997,-1.6200000000000012,
joint_greedy,Joint Greedy,2,-134.19866397042713,4.296815785162331,3221.7406317114223,0.8507462686567164,0.14925373134328357,0.0,0.9492666666666666,0.9515,0.5631160572337043,0.5626687847498014,0.43653693407466243,0.9992057188244639,0.9992057188244639,0.0007942811755361397,0.0037222222222222223,0.0,0.0,0.0,0.43653693407466243,6290.0,3542.0,2748.0,0.9095823353222536,-2060.6176213014623,-5.162406212580852,-781.6000000000246,1416.8000000000482,315.59721116467136,-4.565999999999991,3.6373200387181743,0.0,0.0,-1352.9759102328119,-2198.399999999952,0.0,0.0,-4.0,-2.9999999999999996,-1.7100000000000013,
joint_greedy,Joint Greedy,3,-119.899329645278,4.128485761992519,3082.764030563528,0.7647058823529411,0.23529411764705882,0.014492753623188406,0.9606777777777777,0.9629444444444445,0.5902588008358784,0.5898795180722891,0.40947791164658637,0.9993574297188755,0.9993574297188755,0.000642570281124498,0.003777777777777778,0.0,0.0,0.0,0.40947791164658637,6221.0,3672.0,2549.0,0.839532688061963,-2008.4542395625106,-5.366022112976817,-570.4000000000448,1468.80000000006,327.18295731658515,-3.5389999999999704,3.3072601959764856,0.0,0.0,-1227.0198451954218,-2039.1999999999184,0.0,-0.5,-3.0,-4.499999999999999,-1.5600000000000012,
joint_greedy,Joint Greedy,4,-127.73325731016853,4.211449739745553,3039.610567616823,0.859375,0.140625,0.0,0.9358111111111111,0.9379444444444445,0.5707135938004521,0.5703452726686028,0.4290093578573733,0.9993546305259762,0.9993546305259762,0.0006453694740238787,0.0035555555555555557,0.0,0.0,0.0,0.4290093578573733,6194.0,3535.0,2659.0,0.8598615467091437,-1963.3657234230382,-5.1692502723707845,-713.2000000000166,1414.0000000000475,315.7223002860851,-5.776999999999966,3.5132340751485054,0.0,0.0,-1287.8382799708888,-2127.1999999999357,0.0,0.0,-4.0,-2.6999999999999997,-1.6500000000000012,
joint_greedy,Joint Greedy,5,-129.1690442793726,4.196100384500301,3063.199740119342,0.8852459016393442,0.11475409836065574,0.0,0.9223,0.9243333333333333,0.5728904282115869,0.5724398301085417,0.42677363536259244,0.9992134654711342,0.9992134654711342,0.0007865345288658172,0.0033888888888888888,0.0,0.0,0.0,0.42677363536259244,6352.0,3639.0,2713.0,0.8417696455398027,-1979.5120485999294,-5.348797098474251,-714.8000000000361,1455.600000000057,319.03630223071315,-6.9929999999999,3.3469780240648954,0.0,0.0,-1281.089552647267,-2170.3999999999455,0.0,0.0,-4.0,-2.1,-1.6200000000000012,
joint_greedy,Joint Greedy,6,-116.93000538434677,4.203914448255614,3095.488051932642,0.76,0.24,0.0,0.9562222222222222,0.9587222222222223,0.5998705082550987,0.5997734261207315,0.4000647353940767,0.9998381615148082,0.9998381615148082,0.0001618384851917786,0.004166666666666667,0.0,0.0,0.0,0.4000647353940767,6178.0,3706.0,2472.0,0.835263910397367,-1983.6750185299682,-5.534126900981667,-495.20000000003307,1482.400000000063,321.3729580977675,-3.939999999999994,3.6246251782816077,0.0,0.0,-1219.1785993755163,-1977.599999999922,0.0,0.0,-4.0,-5.399999999999999,-1.7100000000000013,
joint_greedy,Joint Greedy,7,-127.35136343672626,4.232571744741922,3176.2580839420866,0.7903225806451613,0.20967741935483872,0.0,0.9552111111111111,0.9572777777777778,0.58,0.5798159314503333,0.41986670898127576,0.999682640431609,0.999682640431609,0.00031735956839098697,0.0034444444444444444,0.0,0.0,0.0,0.41986670898127576,6300.0,3654.0,2646.0,0.8692550859173745,-2046.6791832654612,-5.3352311487245165,-655.2000000000273,1461.6000000000583,320.763866592141,-4.03099999999998,3.1102863841718693,0.0,0.0,-1307.9006416639263,-2116.7999999999333,0.0,0.0,-3.0,-3.899999999999999,-1.470000000000001,
joint_greedy,Joint Greedy,8,-124.47332657821697,4.226711870765708,3216.5560780689534,0.8285714285714286,0.17142857142857143,0.0,0.9676111111111111,0.9699444444444445,0.5892288081580624,0.5884786760025461,0.4102482495225971,0.9987269255251432,0.9987269255251432,0.001273074474856779,0.0038888888888888888,0.0,0.0,0.0,0.4102482495225971,6276.0,3698.0,2578.0,0.8698096479364396,-2069.007993264431,-5.383689408480921,-583.2000000000202,1479.2000000000623,327.95509276634675,-2.9149999999999996,3.719584241018241,0.0,0.0,-1313.4200008079001,-2062.399999999921,0.0,0.0,-3.0,-3.599999999999999,-1.7400000000000013,
joint_greedy,Joint Greedy,9,-125.89972577253575,4.188220970322211,2961.460805001424,0.835820895522388,0.16417910447761194,0.0,0.9250444444444446,0.9272777777777778,0.5701239399869537,0.5699380502119334,0.429735898271927,0.9996739484838605,0.9996739484838605,0.00032605151613955004,0.0037222222222222223,0.0,0.0,0.0,0.429735898271927,6132.0,3496.0,2636.0,0.8470997725976613,-1912.1952412864437,-5.182468752048064,-710.4000000000175,1398.400000000044,307.8297161040055,-6.745999999999954,3.5574236661014558,0.0,0.0,-1249.241202907689,-2108.7999999999315,0.0,0.0,-4.0,-3.2999999999999994,-1.6800000000000013,
joint_greedy,Joint Greedy,10,-121.15963664891896,4.1698347723644975,3098.9228597864826,0.8636363636363636,0.13636363636363635,0.0,0.9518555555555556,0.9540555555555555,0.593991002570694,0.593704833788341,0.40581339328729726,0.9995182270756383,0.9995182270756383,0.00048177292436165086,0.0036666666666666666,0.0,0.0,0.0,0.40581339328729726,6224.0,3697.0,2527.0,0.838226361857312,-1999.3036271687524,-5.373555582667854,-542.8000000000357,1478.8000000000623,328.9025725829604,-4.332999999999971,3.6012585203985195,0.0,0.0,-1281.415747819521,-2021.5999999999194,0.0,0.0,-4.0,-2.6999999999999997,-1.7100000000000013,
full_local,Full-Local,1,-133.80421029730738,4.193737594295937,2999.0292154723984,0.819672131147541,0.18032786885245902,0.0,0.9095222222222222,0.9115555555555556,0.5555905511811023,0.5550660792951542,0.44398993077407173,0.999056010069226,0.999056010069226,0.0009439899307740718,0.0033888888888888888,0.0,0.0,0.0,0.44398993077407173,6350.0,3528.0,2822.0,0.850064970371995,-1944.7593816360086,-5.181665933551967,-846.4000000000041,1411.2000000000469,308.6182189278853,-8.142999999999915,3.2217217147311312,0.0,0.0,-1276.5352019922834,-2257.5999999999653,0.0,0.0,-4.0,-3.2999999999999994,-1.500000000000001,
full_local,Full-Local,2,-135.24304891744256,4.302464435152557,3213.187662138699,0.8615384615384616,0.13846153846153847,0.0,0.9458888888888889,0.9480555555555555,0.5602543720190779,0.5598093725178713,0.4393963463065925,0.9992057188244639,0.9992057188244639,0.0007942811755361397,0.003611111111111111,0.0,0.0,0.0,0.4393963463065925,6290.0,3524.0,2766.0,0.9118012662141598,-2053.4281144267397,-5.147527244496147,-803.200000000023,1409.6000000000465,313.9770689997095,-4.869999999999984,3.596256090464851,0.0,0.0,-1359.4606383728635,-2212.799999999955,0.0,0.0,-4.0,-2.6999999999999997,-1.6800000000000013,
full_local,Full-Local,3,-124.89137964401472,4.135778962776333,2984.903005410332,0.7903225806451613,0.20967741935483872,0.0,0.9298777777777778,0.9319444444444445,0.5734939759036145,0.5734939759036145,0.42650602409638555,1.0,1.0,0.0,0.0034444444444444444,0.0,0.0,0.0,0.42650602409638555,6225.0,3570.0,2655.0,0.8361072844286643,-1941.90255485372,-5.223664139170999,-696.0000000000193,1428.0000000000507,318.1113480500915,-6.310999999999965,3.155113938550541,0.0,0.0,-1228.0157050574874,-2123.999999999935,0.0,0.0,-3.0,-3.899999999999999,-1.470000000000001,
full_local,Full-Local,4,-128.60600517441566,4.214321488851955,3025.93841274363,0.8688524590163934,0.13114754098360656,0.0,0.9299111111111111,0.9319444444444445,0.5676461091378754,0.5672797676669894,0.4320748628589868,0.9993546305259762,0.9993546305259762,0.0006453694740238787,0.0033888888888888888,0.0,0.0,0.0,0.4320748628589868,6194.0,3516.0,2678.0,0.8606195713150256,-1952.7356990128208,-5.141754695643931,-736.0000000000153,1406.4000000000458,314.05675393887645,-6.3079999999999545,3.403097941433416,0.0,0.0,-1289.9244596879632,-2142.399999999939,0.0,0.0,-4.0,-2.4,-1.5900000000000012,
full_local,Full-Local,5,-134.69058727072243,4.208341959681141,2964.6735159868267,0.8947368421052632,0.10526315789473684,0.0,0.8932666666666669,0.8951666666666667,0.5543136020151134,0.5538776152273085,0.4453358502438257,0.9992134654711342,0.9992134654711342,0.0007865345288658172,0.0031666666666666666,0.0,0.0,0.0,0.4453358502438257,6352.0,3521.0,2831.0,0.8419975904535151,-1914.8217599672455,-5.165586473996487,-856.4000000000167,1408.4000000000462,308.4300152487,-9.605999999999897,3.218815011740911,0.0,0.0,-1283.2748916505857,-2264.799999999967,0.0,0.0,-2.0,-1.8,-1.5300000000000011,
full_local,Full-Local,6,-118.15760578242109,4.208881401521741,3078.204221624404,0.7638888888888888,0.2361111111111111,0.0,0.9497666666666666,0.9521666666666667,0.5960479429867185,0.5955656255057452,0.40362518206829584,0.9991908075740411,0.9991908075740411,0.0008091924259588931,0.004,0.0,0.0,0.0,0.40362518206829584,6174.0,3680.0,2494.0,0.8364685384848924,-1968.7685973898997,-5.500787425673438,-523.2000000000306,1472.0000000000607,319.1413717642739,-4.520999999999992,3.541340567447783,0.0,0.0,-1223.5615009887922,-1995.199999999921,0.0,0.0,-4.0,-5.099999999999999,-1.6500000000000012,
full_local,Full-Local,7,-129.1983256712204,4.236026135337453,3138.3705815782455,0.7966101694915254,0.2033898305084746,0.0,0.9440888888888889,0.9460555555555555,0.5734920634920635,0.573310060298318,0.42637258013329105,0.999682640431609,0.999682640431609,0.00031735956839098697,0.003277777777777778,0.0,0.0,0.0,0.42637258013329105,6300.0,3613.0,2687.0,0.8686328761633672,-2022.3622642435967,-5.270466396982786,-704.4000000000245,1445.2000000000546,317.32047842802194,-5.031999999999988,3.0010020917136986,0.0,0.0,-1306.2271687546,-2149.599999999941,0.0,0.0,-3.0,-3.599999999999999,-1.410000000000001,
full_local,Full-Local,8,-124.58878366136749,4.227902337653662,3219.2893838892974,0.8260869565217391,0.17391304347826086,0.0,0.9674777777777778,0.9697777777777777,0.5889101338432122,0.5881604073838319,0.4105665181413113,0.9987269255251432,0.9987269255251432,0.001273074474856779,0.003833333333333333,0.0,0.0,0.0,0.4105665181413113,6276.0,3696.0,2580.0,0.871019854948403,-2069.323110652359,-5.384143292406944,-585.6000000000201,1478.4000000000622,327.77596556110495,-2.9270000000000005,3.664396796709795,0.0,0.0,-1313.6038273810116,-2063.9999999999213,0.0,0.0,-3.0,-3.599999999999999,-1.7100000000000013,
full_local,Full-Local,9,-133.21406340727984,4.213079685996135,2857.8174045122914,0.8253968253968254,0.1746031746031746,0.0,0.8923444444444445,0.8944444444444445,0.547576301615799,0.5469514183240952,0.4519074013694164,0.9988588196935115,0.9988588196935115,0.0011411803064884252,0.0035,0.0,0.0,0.0,0.4519074013694164,6127.0,3355.0,2772.0,0.8518084663225906,-1842.7017943647295,-4.9765232477132,-875.6000000000046,1342.0000000000312,295.2928920320481,-9.68899999999989,3.351241083918126,0.0,0.0,-1272.2577177219189,-2217.5999999999563,0.0,0.0,-4.0,-3.2999999999999994,-1.5600000000000012,
full_local,Full-Local,10,-124.84820235168415,4.179432582966264,3031.3261204748815,0.8852459016393442,0.11475409836065574,0.0,0.9323555555555555,0.9343888888888889,0.5817130001606942,0.5813393287297254,0.4180183073711257,0.9993576361008512,0.9993576361008512,0.0006423638991488678,0.0033888888888888888,0.0,0.0,0.0,0.4180183073711257,6223.0,3620.0,2603.0,0.8373829062085308,-1955.4224463918872,-5.250701856263859,-634.4000000000239,1448.0000000000553,322.90464210815765,-6.08799999999996,3.474410440336441,0.0,0.0,-1288.3220635879134,-2082.3999999999255,0.0,0.0,-4.0,-2.1,-1.6200000000000012,
