method,display_name,episode,reward,avg_delay,avg_success_delay,p95_success_delay,total_energy,handover_success_rate,handover_failure_rate,forced_termination_rate,total_user_seconds,blocked_user_seconds,blocked_time_ratio,handover_interruption_seconds,service_interruption_seconds,total_handovers,failed_handovers,service_continuity_rate,successful_task_throughput,service_availability_rate,task_completion_rate,task_success_rate,task_failure_rate,task_settlement_rate,task_resolution_rate,pending_task_rate,handover_frequency,handovers_per_user_minute,load_balance_variance,load_balance_coefficient,load_variance_sample_count,mec_load_fairness,jain_mec_load_fairness,active_load_balance_score,avg_load_balance_score,deadline_violation_rate,resolved_tasks,completed_tasks,deadline_violations,energy_per_successful_task,reward_task_success,reward_load_balance,penalty_delay,penalty_energy,penalty_task_failure,penalty_service_interruption,penalty_failed_handover,selected_offload
han_pdqn,HAN+PDQN,1,89.98849101085216,2.0916748483527363,1.869858979626082,4.243057873526857,7682.440406058502,1.0,0.0,0.16363636363636364,17920.0,215.0,0.011997767857142858,66.00000274181366,281.00000035762787,92.0,0.0,0.9843191964086145,18.947544642857142,0.9880022321428571,0.9188179899334308,0.9182216453026124,0.08112932013629726,0.9993509654389097,0.9993509654389097,0.0006490345610903781,0.005133928571428571,0.3080357142857143,0.054545211637534605,0.641792354282992,505.0,0.641792354282992,0.8099175182319213,0.641792354282992,0.641792354282992,0.08080480285575208,6159.0,5659.0,498.0,1.3575614783634038,161.6857142857223,20.45041733535607,-44.31108717901068,-31.142267659235365,-14.28571428571424,-2.4085715590044856,0.0,
han_pdqn,HAN+PDQN,2,84.53505016863346,2.1457819189332796,1.79234297548756,4.1743666562538495,7518.580116519244,1.0,0.0,0.1510791366906475,17920.0,245.0,0.013671875,83.40000331401825,328.39999985694885,118.0,0.0,0.9816741071508399,18.713169642857142,0.986328125,0.9040763506955678,0.9036378334680679,0.09587712206952304,0.999514955537591,0.999514955537591,0.00048504446240905415,0.006584821428571429,0.3950892857142857,0.07836378843687679,0.5227013988971496,495.0,0.5227013988971496,0.6694411198797777,0.5227013988971496,0.5227013988971496,0.09539207760711399,6182.0,5589.0,590.0,1.3452460398137849,159.68571428572156,16.568667717024592,-42.32192599022804,-29.63969275285793,-16.94285714285709,-2.8148572891950607,0.0,
han_pdqn,HAN+PDQN,3,80.90648524311837,2.1544127172049037,1.8367449763799832,4.299386196093545,7668.891059887039,1.0,0.0,0.11724137931034483,17920.0,447.0,0.02494419642857143,87.00000309944153,534.0000004768372,128.0,0.0,0.9702008928305337,18.659598214285715,0.9750558035714285,0.9039740470397405,0.9030951223464593,0.09593258791119753,0.9990277102576568,0.9990277102576568,0.0009722897423432182,0.007142857142857143,0.42857142857142855,0.09976982245731443,0.4295115470146643,503.0,0.4295115470146643,0.6296884775012216,0.4295115470146643,0.4295115470146643,0.095770539620807,6165.0,5573.0,591.0,1.3760795011460683,159.22857142857853,15.836665209155798,-42.59130080023483,-30.076022957595438,-16.91428571428566,-4.577143089845777,0.0,
han_pdqn,HAN+PDQN,4,85.93418466812,2.1678981118563674,1.8675008894789586,4.250764537397327,7982.2866043161175,1.0,0.0,0.26804123711340205,17920.0,249.0,0.013895089285714285,58.20000231266022,307.2000004053116,71.0,0.0,0.982857142834525,19.051339285714285,0.9861049107142857,0.9024583663758922,0.9023152553124009,0.09752616555661275,0.9998414208690136,0.9998414208690136,0.0001585791309863622,0.003962053571428571,0.23772321428571427,0.05867285498396612,0.6198379349747883,506.0,0.6198379349747883,0.7791848906959279,0.6198379349747883,0.6198379349747883,0.09736758642562639,6305.0,5690.0,614.0,1.402862320617947,162.5714285714369,19.713377734607022,-44.78237975154613,-31.363670377555597,-17.571428571428516,-2.633143008686602,0.0,
han_pdqn,HAN+PDQN,5,96.03139857016504,1.916995310608109,1.7557167964104352,3.9264392191024795,6957.890574744752,1.0,0.0,0.05612244897959184,17920.0,531.0,0.029631696428571427,117.60000419616699,648.6000008583069,185.0,0.0,0.963805803523532,19.717633928571427,0.9703683035714286,0.9414868105515588,0.9408851254193961,0.058475794855408214,0.9993609202748043,0.9993609202748043,0.0006390797251957181,0.010323660714285714,0.6194196428571428,0.07772101731506446,0.5256879283982874,504.0,0.5256879283982874,0.6986386563667066,0.5256879283982874,0.5256879283982874,0.05815625499281035,6255.0,5889.0,364.0,1.1815062955925881,168.2571428571533,17.605694140441013,-43.514874213793476,-30.299993556036473,-10.457142857142825,-5.559428649023175,0.0,
han_pdqn_sca,SCA,1,90.15160665567964,2.083916202457116,1.8611486321205157,4.228284946792246,7771.572707377429,1.0,0.0,0.16071428571428573,17920.0,215.0,0.011997767857142858,67.20000278949738,282.2000004053116,94.0,0.0,0.9842522321202393,18.970982142857142,0.9880022321428571,0.9199545380743627,0.9193574557845205,0.0799935096543891,0.9993509654389097,0.9993509654389097,0.0006490345610903781,0.005245535714285714,0.31473214285714285,0.05551039224591643,0.6366055384378932,504.0,0.6366055384378932,0.8050148572055007,0.6366055384378932,0.6366055384378932,0.07966899237384391,6159.0,5666.0,491.0,1.371615373698805,161.88571428572237,20.28637440157867,-44.18716607094406,-31.328744547765826,-14.085714285714241,-2.418857273645699,0.0,
han_pdqn_sca,SCA,2,85.2568358129356,2.144773166630674,1.780924866539154,4.162698660849474,7601.189296557211,1.0,0.0,0.16541353383458646,17920.0,245.0,0.013671875,79.8000031709671,324.7999999523163,111.0,0.0,0.9818750000026609,18.760044642857142,0.986328125,0.9063409899708832,0.9059013742926435,0.09361358124494745,0.999514955537591,0.999514955537591,0.00048504446240905415,0.006194196428571428,0.3716517857142857,0.07880978013151636,0.5206360340012134,496.0,0.5206360340012134,0.6676570567993011,0.5206360340012134,0.5206360340012134,0.09329021827000808,6182.0,5603.0,577.0,1.3566284662782815,160.0857142857217,16.557895008622758,-42.21252088240899,-29.847396542175026,-16.54285714285709,-2.7840001452714205,0.0,
han_pdqn_sca,SCA,3,80.54157534555998,2.1599485640309957,1.8374541695319049,4.296216450765201,7786.812354237538,1.0,0.0,0.10967741935483871,17920.0,447.0,0.02494419642857143,93.00000357627869,540.0000002384186,138.0,0.0,0.9698660714152668,18.646205357142858,0.9750558035714285,0.9030322685260256,0.9024469291848971,0.09690487765354075,0.9993518068384378,0.9993518068384378,0.0006481931615621455,0.0077008928571428575,0.46205357142857145,0.09928749036792163,0.431485563577801,504.0,0.431485563577801,0.6370696537640177,0.431485563577801,0.431485563577801,0.09658078107275968,6167.0,5569.0,596.0,1.3982424769684931,159.11428571429278,16.05415527485331,-42.670422811423414,-30.242158020521103,-17.085714285714232,-4.628571650013328,0.0,
han_pdqn_sca,SCA,4,86.75259177247062,2.150853391035303,1.849692204035252,4.184700284990936,8064.125542726452,1.0,0.0,0.26804123711340205,17920.0,249.0,0.013895089285714285,58.20000231266022,307.20000064373016,71.0,0.0,0.9828571428212204,19.108258928571427,0.9861049107142857,0.9051546391752577,0.905011100539169,0.09483032032984459,0.9998414208690136,0.9998414208690136,0.0001585791309863622,0.003962053571428571,0.23772321428571427,0.06015125618860278,0.6121166367159587,506.0,0.6121166367159587,0.7746155531727537,0.6121166367159587,0.6121166367159587,0.09467174119885823,6305.0,5707.0,597.0,1.413023575035299,163.05714285715138,19.59777349527072,-44.631212305973364,-31.55225503465112,-17.085714285714232,-2.6331430105492473,0.0,
han_pdqn_sca,SCA,5,95.68729104008526,1.8987420605471592,1.734917446128383,3.8599990939532183,7085.122769719553,1.0,0.0,0.06451612903225806,17920.0,532.0,0.0296875,111.6000040769577,643.600001335144,174.0,0.0,0.9640848213540656,19.724330357142858,0.9703125,0.941806554756195,0.941204665281994,0.05815625499281035,0.9993609202748043,0.9993609202748043,0.0006390797251957181,0.009709821428571429,0.5825892857142857,0.08090974908732387,0.5109860056376123,505.0,0.5109860056376123,0.6728434287892857,0.5109860056376123,0.5109860056376123,0.0578367151302125,6255.0,5891.0,362.0,1.2027028975928624,168.31428571429618,16.98929657692946,-43.15718005671548,-30.542541211545956,-10.399999999999968,-5.516571504995227,0.0,
