method,display_name,episode,reward,avg_delay,total_energy,handover_success_rate,handover_failure_rate,forced_termination_rate,service_continuity_rate,service_availability_rate,task_completion_rate,task_success_rate,task_failure_rate,task_settlement_rate,task_resolution_rate,pending_task_rate,handover_frequency,active_load_balance_score,avg_load_balance_score,mec_activity_score,deadline_violation_rate,resolved_tasks,completed_tasks,deadline_violations,reward_delay,reward_energy,reward_qos,reward_task_success,reward_deadline_slack,reward_service_continuity,reward_handover,reward_load_balance,reward_enqueue,penalty_deadline,penalty_task_failure,penalty_queue_full,penalty_invalid_action,penalty_blocked,penalty_failed_handover,penalty_handover_cost,selected_offload
han_mappo_latency_priority_g1_300k_600s_u20,HAN+MAPPO,1,-14.791696341950567,2.5814235435503736,903.7637660819368,0.7254901960784313,0.27450980392156865,0.0,0.9831166666666666,0.9856666666666667,0.8332938107659473,0.8332938107659473,0.16670618923405264,1.0,1.0,0.0,0.00425,0.00333333326845753,0.00333333326845753,0.07579966100553671,0.16670618923405264,4217.0,3514.0,703.0,-1044.0580735603435,-3.336892201615977,843.1999999999553,1405.6000000000456,340.85289628009446,-1.5194999999999972,2.3692943182756685,0.0,0.0,-208.4545818653477,-562.4000000000023,-186.60000000000136,0.0,-3.0,-4.199999999999999,-1.1100000000000008,
han_mappo_latency_priority_g1_300k_600s_u20,HAN+MAPPO,2,-20.109955541962204,2.689305360878262,991.1665048934697,0.7843137254901961,0.21568627450980393,0.0,0.9847,0.98725,0.8258386866523911,0.8256422454804948,0.17411988582302568,0.9997621313035204,0.9997621313035204,0.0002378686964795433,0.00425,0.011644542727132277,0.011644542727132277,0.08148147954295079,0.17411988582302568,4203.0,3471.0,732.0,-1053.655349087419,-3.4003767585267344,802.7999999999604,1388.4000000000417,333.7853040552044,-1.3769999999999978,2.5546031997034406,0.03310810542611686,0.0,-228.33547578849564,-585.6000000000009,-219.6000000000026,0.0,-3.0,-3.2999999999999994,-1.2050000000000007,
han_mappo_latency_priority_g1_300k_600s_u20,HAN+MAPPO,3,-23.074130567035986,2.693392440575023,997.1335718580603,0.6727272727272727,0.32727272727272727,0.0,0.9873333333333334,0.9900833333333333,0.8251249107780158,0.8251249107780158,0.1748750892219843,1.0,1.0,0.0,0.004583333333333333,0.001666666634228765,0.001666666634228765,0.0809764286192755,0.1748750892219843,4203.0,3468.0,735.0,-1072.780640776912,-3.433684258395969,799.1999999999581,1387.2000000000414,326.4551911062489,-1.1399999999999975,2.359216107916568,0.0,0.0,-240.52697784683681,-588.0000000000008,-240.90000000000342,0.0,-2.0,-5.399999999999999,-1.1100000000000008,
han_mappo_latency_priority_g1_300k_600s_u20,HAN+MAPPO,4,-17.14429934132565,2.6488407543583783,928.4433463042163,0.7916666666666666,0.20833333333333334,0.0,0.98585,0.98825,0.8309143686502177,0.8309143686502177,0.1690856313497823,1.0,1.0,0.0,0.004,0.001666666634228765,0.001666666634228765,0.07432659734040499,0.1690856313497823,4134.0,3435.0,699.0,-1036.7190370111925,-3.2889995581007647,814.7999999999545,1374.0000000000384,329.5768827343819,-1.273499999999998,2.4275159178539774,0.03666206491546803,0.0,-219.81860536192576,-559.2000000000024,-197.70000000000178,0.0,-3.0,-2.9999999999999996,-1.1500000000000008,
han_mappo_latency_priority_g1_300k_600s_u20,HAN+MAPPO,5,-21.1192880061421,2.6515617400647855,926.7886012545332,0.803921568627451,0.19607843137254902,0.0,0.97395,0.9765,0.8217164532954007,0.8217164532954007,0.17828354670459934,1.0,1.0,0.0,0.00425,0.0083259586003208,0.0083259586003208,0.06940235507984956,0.17828354670459934,4218.0,3466.0,752.0,-1050.9755764683246,-3.3099586991199534,784.7999999999545,1386.4000000000412,328.7554811539037,-2.344499999999997,2.5588213859743982,0.031153843639870574,0.0,-235.54652083060654,-601.6,-192.9000000000016,0.0,-4.0,-2.9999999999999996,-1.2350000000000008,
han_mappo_latency_priority_g1_300k_600s_u20,HAN+MAPPO,6,-15.891540478813631,2.659256753017617,913.3046962109598,0.6964285714285714,0.30357142857142855,0.0,0.9832,0.986,0.8303417752643226,0.8301376597836775,0.1696165191740413,0.9997541789577188,0.9997541789577188,0.0002458210422812193,0.004666666666666667,0.004985250761040241,0.004985250761040241,0.07647306192666292,0.1696165191740413,4067.0,3377.0,690.0,-1006.0600315738147,-3.235939127565539,798.7999999999637,1350.8000000000332,330.4508795474146,-1.5119999999999965,2.5018870133757614,0.008000003070831296,0.0,-219.47835197328718,-552.0000000000028,-183.30000000000123,0.0,-3.0,-5.099999999999999,-1.1750000000000007,
han_mappo_latency_priority_g1_300k_600s_u20,HAN+MAPPO,7,-14.652668301164509,2.6059249278069134,939.4344277272468,0.813953488372093,0.18604651162790697,0.0,0.9894333333333334,0.9915833333333334,0.8387945467591486,0.8387945467591486,0.16120545324085148,1.0,1.0,0.0,0.0035833333333333333,0.006633650753186434,0.006633650753186434,0.07853535149867336,0.16120545324085148,4181.0,3507.0,674.0,-1048.1146877308538,-3.471328514171784,863.5999999999561,1402.800000000045,332.666967662353,-0.9509999999999984,2.2215353345856608,0.0,0.0,-205.33913585093322,-539.2000000000036,-210.00000000000225,0.0,-2.0,-2.4,-1.0500000000000007,
han_mappo_latency_priority_g1_300k_600s_u20,HAN+MAPPO,8,-20.866794068721738,2.667654430695144,993.4597471973534,0.7547169811320755,0.24528301886792453,0.0,0.9891833333333333,0.9918333333333333,0.8279697113109323,0.8277738348710669,0.17198959072628342,0.9997634255973503,0.9997634255973503,0.0002365744026496333,0.004416666666666667,0.00333333326845753,0.00333333326845753,0.0754208734879891,0.17198959072628342,4226.0,3499.0,727.0,-1073.7220998002358,-3.4920155656751892,817.9999999999621,1399.6000000000442,334.26142315217857,-0.9734999999999981,2.5588168277402183,0.0,0.0,-235.88416171722716,-581.6000000000012,-232.8000000000031,0.0,-2.0,-3.899999999999999,-1.2000000000000008,
han_mappo_latency_priority_g1_300k_600s_u20,HAN+MAPPO,9,-11.93121633835656,2.6127177807031186,890.4350137354044,0.8297872340425532,0.1702127659574468,0.0,0.9840666666666666,0.9864166666666667,0.8420533070088845,0.8416378885051801,0.15786877158362111,0.9995066600888012,0.9995066600888012,0.000493339911198816,0.003916666666666666,0.001666666634228765,0.001666666634228765,0.07213804520045718,0.15786877158362111,4052.0,3412.0,640.0,-1001.6942403759765,-3.233746153865662,852.7999999999622,1364.8000000000363,325.7616012784085,-1.4339999999999968,2.491368404664307,0.029508197182642783,0.0,-197.79561712648672,-512.0000000000051,-180.60000000000113,0.0,-3.0,-2.4,-1.1750000000000007,
han_mappo_latency_priority_g1_300k_600s_u20,HAN+MAPPO,10,-17.69102839623771,2.6625041487140715,938.634194249977,0.7450980392156863,0.2549019607843137,0.0,0.9808666666666667,0.9834166666666667,0.8342117872544322,0.8338122605363985,0.1657088122605364,0.9995210727969349,0.9995210727969349,0.0004789272030651341,0.00425,0.009992625234549564,0.009992625234549564,0.0779882134248813,0.1657088122605364,4174.0,3482.0,692.0,-1039.814999326142,-3.3250741063766713,839.1999999999588,1392.8000000000427,328.3128159526407,-1.7219999999999973,2.4414535966559945,0.0053846147497730035,0.0,-219.84422835088694,-553.6000000000028,-217.50000000000253,0.0,-3.0,-3.899999999999999,-1.1450000000000007,
attn_mappo,Attn+MAPPO,1,-3.6364466216756037,2.4664517384231015,855.6344862726202,0.76,0.24,0.0,0.9805833333333334,0.9855833333333334,0.8477590704292151,0.8477590704292151,0.15224092957078492,1.0,1.0,0.0,0.008333333333333333,0.001666666634228765,0.001666666634228765,0.06254208559791247,0.15224092957078492,4217.0,3575.0,642.0,-1023.0049904087335,-3.542142024622209,916.3999999999501,1430.0000000000512,347.66433571359397,-1.7474999999999954,4.559139514280758,0.0,0.0,-160.406850151176,-513.600000000005,-105.89999999999935,0.0,-3.0,-7.1999999999999975,-2.28,
attn_mappo,Attn+MAPPO,2,-16.23499225949615,2.6500151352492978,1008.536599867048,0.7884615384615384,0.21153846153846154,0.0,0.9848166666666667,0.9874166666666667,0.8317868189388532,0.8315889628924833,0.1681731684110371,0.9997621313035204,0.9997621313035204,0.0002378686964795433,0.004333333333333333,0.009985250663726538,0.009985250663726538,0.07428450994193554,0.1681731684110371,4203.0,3496.0,707.0,-1044.0947560384527,-3.6218726065484304,832.7999999999599,1398.400000000044,337.7185455416013,-1.3664999999999974,2.598548924892589,0.03310810542611686,0.0,-213.52861569880034,-565.6000000000021,-200.40000000000188,0.0,-3.0,-3.2999999999999994,-1.2350000000000008,
attn_mappo,Attn+MAPPO,3,-16.534682406516577,2.628239708982826,983.3691844422967,0.7333333333333333,0.26666666666666666,0.0,0.988,0.991,0.8336902212705211,0.8336902212705211,0.16630977872947894,1.0,1.0,0.0,0.005,0.001666666634228765,0.001666666634228765,0.07420033443098267,0.16630977872947894,4203.0,3504.0,699.0,-1059.76351272889,-3.5867201226637695,842.3999999999571,1401.6000000000447,331.68025187942084,-1.0799999999999974,2.707318068625868,0.0,0.0,-213.78005171703205,-559.2000000000024,-200.10000000000187,0.0,-2.0,-4.799999999999999,-1.320000000000001,
attn_mappo,Attn+MAPPO,4,-13.54448126164246,2.614027077412246,956.8932602043528,0.7818181818181819,0.21818181818181817,0.0,0.9875833333333334,0.9903333333333333,0.8384131591678762,0.8384131591678762,0.16158684083212385,1.0,1.0,0.0,0.004583333333333333,0.0,0.0,0.0686447792686522,0.16158684083212385,4134.0,3466.0,668.0,-1032.888754873512,-3.5204963922589125,851.9999999999535,1386.4000000000412,333.6408436644147,-1.1174999999999977,2.7105001484475135,0.03199999740600588,0.0,-209.43509502775802,-534.4000000000038,-183.60000000000124,0.0,-3.0,-3.599999999999999,-1.2950000000000008,
attn_mappo,Attn+MAPPO,5,-2.552666506991008,2.455091146358659,827.3162024765127,0.8214285714285714,0.17857142857142858,0.0,0.9728,0.977,0.8463726884779517,0.8463726884779517,0.15362731152204837,1.0,1.0,0.0,0.007,0.0,0.0,0.048316496921082336,0.15362731152204837,4218.0,3570.0,648.0,-1010.3542732025148,-3.5467150437460986,909.5999999999556,1428.0000000000507,342.7104931166043,-2.4479999999999986,4.222855149410706,0.0,0.0,-157.94982976517608,-518.4000000000048,-75.59999999999964,0.0,-4.0,-4.499999999999999,-2.075000000000001,
attn_mappo,Attn+MAPPO,6,-10.306706326735222,2.5980825282456146,918.5900270139828,0.7066666666666667,0.29333333333333333,0.0,0.9819166666666667,0.9856666666666667,0.8389476272436686,0.8387413962635202,0.16101278269419864,0.9997541789577188,0.9997541789577188,0.0002458210422812193,0.00625,0.004985250761040241,0.004985250761040241,0.06965488027781248,0.16101278269419864,4067.0,3412.0,655.0,-990.8697389752274,-3.4558914044288396,840.7999999999622,1364.8000000000363,336.1541703840867,-1.6274999999999975,3.418975927217964,0.0,0.0,-194.73649544366845,-524.0000000000044,-155.7000000000002,0.0,-3.0,-6.599999999999998,-1.5900000000000012,
attn_mappo,Attn+MAPPO,7,-10.643571238268665,2.567342911842109,958.0248267911493,0.8260869565217391,0.17391304347826086,0.0,0.9902833333333333,0.9925833333333334,0.845013154747668,0.845013154747668,0.15498684525233197,1.0,1.0,0.0,0.003833333333333333,0.004985250761040241,0.004985250761040241,0.06919191746662061,0.15498684525233197,4181.0,3533.0,648.0,-1040.3763501973956,-3.6558418296594564,894.7999999999558,1413.2000000000473,337.33056657242685,-0.874499999999999,2.3745148775477265,0.0,0.0,-190.2536931490097,-518.4000000000048,-189.90000000000148,0.0,-2.0,-2.4,-1.1400000000000008,
attn_mappo,Attn+MAPPO,8,-17.815558693615277,2.6372360652208253,1003.8888307168609,0.7288135593220338,0.2711864406779661,0.0,0.98905,0.992,0.8319924278277331,0.8317955997161107,0.16796782588123965,0.9997634255973503,0.9997634255973503,0.0002365744026496333,0.004916666666666666,0.001666666634228765,0.001666666634228765,0.0726010081358254,0.16796782588123965,4226.0,3516.0,710.0,-1066.3973538561565,-3.6619667028058664,838.3999999999614,1406.4000000000458,336.96744011831765,-0.9854999999999983,2.7298039251800907,0.0,0.0,-222.95565545537949,-568.0000000000019,-213.9000000000024,0.0,-2.0,-4.799999999999999,-1.290000000000001,
attn_mappo,Attn+MAPPO,9,1.647955899999119,2.4787842726728786,834.296824098591,0.7948717948717948,0.20512820512820512,0.0,0.9822666666666667,0.9861666666666666,0.8625370187561698,0.8621114948199309,0.13739516526887025,0.9995066600888012,0.9995066600888012,0.000493339911198816,0.0065,0.001666666634228765,0.001666666634228765,0.0551767660304904,0.13739516526887025,4052.0,3495.0,557.0,-972.7476149897939,-3.4460933429453626,952.3999999999571,1398.0000000000439,335.3858422907934,-1.595999999999996,3.766750836726794,0.0,0.0,-141.2924730221111,-445.6000000000042,-98.39999999999942,0.0,-3.0,-4.799999999999999,-1.8600000000000014,
attn_mappo,Attn+MAPPO,10,5.651974581850776,2.419331121637326,803.2273790276927,0.7555555555555555,0.24444444444444444,0.0,0.9800833333333333,0.9845833333333334,0.8658682634730539,0.8656609195402298,0.13409961685823754,0.9997605363984674,0.9997605363984674,0.00023946360153256704,0.0075,0.0033259586976345035,0.0033259586976345035,0.05079966196790338,0.13409961685823754,4175.0,3615.0,560.0,-994.5202043069121,-3.5876009768042656,997.9999999999549,1446.0000000000548,343.7683947283381,-1.7924999999999964,4.142773668423693,0.0,0.0,-125.53908310180091,-448.0000000000042,-59.99999999999979,0.0,-3.0,-6.599999999999998,-2.0400000000000014,
mappo_no_han,MAPPO (no HAN),1,-12.53827257177572,2.5793443320643292,732.9124097459086,0.7272727272727273,0.2727272727272727,0.0,0.9820833333333333,0.9848333333333333,0.8380365188522646,0.8380365188522646,0.16196348114773534,1.0,1.0,0.0,0.004583333333333333,0.00333333326845753,0.00333333326845753,0.08821548586711288,0.16196348114773534,4217.0,3534.0,683.0,-1044.3775784453492,-2.6442042830832735,867.1999999999533,1413.6000000000474,337.2325185259169,-1.6124999999999976,2.536733023195184,0.0,0.0,-201.88689144929236,-546.4000000000032,-168.00000000000065,0.0,-3.0,-4.499999999999999,-1.2000000000000008,
mappo_no_han,MAPPO (no HAN),2,-23.902627730583035,2.7496347135835912,878.7347233012383,0.7843137254901961,0.21568627450980393,0.0,0.9823666666666667,0.9849166666666667,0.8206043302403045,0.8204091341579448,0.17935299714557565,0.9997621313035204,0.9997621313035204,0.0002378686964795433,0.00425,0.014977875995589807,0.014977875995589807,0.0950336679816246,0.17935299714557565,4203.0,3449.0,754.0,-1065.581793738544,-2.7561747829056173,776.3999999999602,1379.6000000000397,324.5409110695005,-1.587,2.5557840757675034,0.03310810542611686,0.0,-238.67089827386246,-603.1999999999999,-234.00000000000315,0.0,-3.0,-3.2999999999999994,-1.2050000000000007,
mappo_no_han,MAPPO (no HAN),3,-26.645028836840307,2.741827808428472,883.1552091064757,0.6491228070175439,0.3508771929824561,0.0,0.9840666666666666,0.9869166666666667,0.8191337458353165,0.8189388532000952,0.18082322150844635,0.9997620747085415,0.9997620747085415,0.00023792529145848205,0.00475,0.0033259586976345035,0.0033259586976345035,0.09074073837449154,0.18082322150844635,4202.0,3442.0,760.0,-1081.1544777030517,-2.811304932806706,768.7999999999569,1376.800000000039,317.73778237495384,-1.4339999999999984,2.3601018768099764,0.0,0.0,-249.73902877927407,-607.9999999999997,-251.70000000000383,0.0,-2.0,-5.999999999999998,-1.1100000000000008,
mappo_no_han,MAPPO (no HAN),4,-19.60026557572899,2.693053860861131,818.6608525039196,0.7450980392156863,0.2549019607843137,0.0,0.9847,0.98725,0.8284954039671021,0.8284954039671021,0.17150459603289792,1.0,1.0,0.0,0.00425,0.004999999902686294,0.004999999902686294,0.0879629607933263,0.17150459603289792,4134.0,3425.0,709.0,-1046.1931963031677,-2.6985312379052884,802.7999999999555,1370.0000000000375,322.2524508810399,-1.3769999999999967,2.4281409323346077,0.03199999740600588,0.0,-224.27913025042122,-567.200000000002,-211.2000000000023,0.0,-3.0,-3.899999999999999,-1.1450000000000007,
mappo_no_han,MAPPO (no HAN),5,-16.457224152598457,2.6153614119351665,730.9846454631428,0.8269230769230769,0.17307692307692307,0.0,0.97315,0.97575,0.826891154849419,0.8266951161688004,0.173067804646752,0.9997629208155524,0.9997629208155524,0.0002370791844476055,0.004333333333333333,0.006659291966092034,0.006659291966092034,0.07840908886864781,0.173067804646752,4217.0,3487.0,730.0,-1045.9596589842254,-2.606610520923941,810.7999999999563,1394.8000000000432,326.16081098675454,-2.416499999999997,2.6720655792796606,0.005637741322963358,0.0,-211.80542482620598,-584.000000000001,-151.80000000000004,0.0,-4.0,-2.6999999999999997,-1.2950000000000008,
mappo_no_han,MAPPO (no HAN),6,-20.0690849211886,2.714538738031847,790.9527559992127,0.6724137931034483,0.3275862068965517,0.0,0.97835,0.98125,0.8224735677403492,0.8222713864306784,0.17748279252704033,0.9997541789577188,0.9997541789577188,0.0002458210422812193,0.004833333333333334,0.00333333326845753,0.00333333326845753,0.08749999764064947,0.17748279252704033,4067.0,3345.0,722.0,-1012.2405513692734,-2.5900596453394593,760.399999999964,1338.0000000000302,321.085197924965,-1.9485000000000001,2.504942157270847,0.008000003070831296,0.0,-231.71405045587275,-577.6000000000014,-192.00000000000156,0.0,-3.0,-5.699999999999998,-1.1750000000000007,
mappo_no_han,MAPPO (no HAN),7,-18.03609972667676,2.6570935650341947,826.0329530413266,0.813953488372093,0.18604651162790697,0.0,0.9876833333333334,0.9898333333333333,0.834011002152595,0.834011002152595,0.16598899784740492,1.0,1.0,0.0,0.0035833333333333333,0.01328556814845544,0.01328556814845544,0.09027777553225556,0.16598899784740492,4181.0,3487.0,694.0,-1059.7327592173613,-2.8373871388706116,839.5999999999572,1394.8000000000432,325.177007712468,-1.1084999999999974,2.2223407714443772,0.0,0.0,-219.01862102170608,-555.2000000000027,-218.40000000000256,0.0,-2.0,-2.4,-1.0500000000000007,
mappo_no_han,MAPPO (no HAN),8,-22.82863893081713,2.7023500377656395,887.6391604006574,0.7547169811320755,0.24528301886792453,0.0,0.98885,0.9915,0.8257988165680473,0.8254080908445706,0.1741187603501301,0.9995268511947007,0.9995268511947007,0.0004731488052992666,0.004416666666666667,0.00333333326845753,0.00333333326845753,0.08745791030426821,0.1741187603501301,4225.0,3489.0,736.0,-1082.609831646451,-2.935730955171063,806.7999999999623,1395.6000000000433,328.2289564486489,-1.003499999999998,2.5589534823774365,0.0,0.0,-239.94652356034717,-588.8000000000008,-242.10000000000346,0.0,-2.0,-3.899999999999999,-1.2000000000000008,
mappo_no_han,MAPPO (no HAN),9,-7.795796322383977,2.590743407256632,710.9310917870029,0.7777777777777778,0.2222222222222222,0.0,0.9821333333333333,0.9848333333333333,0.8484698914116485,0.8480513073507647,0.1514553527380365,0.9995066600888012,0.9995066600888012,0.000493339911198816,0.0045,0.004999999902686294,0.004999999902686294,0.07992424024268985,0.1514553527380365,4052.0,3438.0,614.0,-997.8261701310366,-2.551783620232387,883.9999999999607,1375.2000000000387,323.2692621120066,-1.6079999999999965,2.6594630254872262,0.0,0.0,-178.82293119484606,-491.2000000000048,-145.4999999999998,0.0,-3.0,-3.599999999999999,-1.260000000000001,
mappo_no_han,MAPPO (no HAN),10,-11.038538992999738,2.6077606876822244,728.3749706708878,0.8181818181818182,0.18181818181818182,0.0,0.9801666666666666,0.9829166666666667,0.8425970292285577,0.8421934865900383,0.15732758620689655,0.9995210727969349,0.9995210727969349,0.0004789272030651341,0.004583333333333333,0.00333333326845753,0.00333333326845753,0.08257575550427039,0.15732758620689655,4174.0,3517.0,657.0,-1029.9239759570028,-2.6034696837118254,881.199999999958,1406.8000000000459,327.5104803546139,-1.7849999999999966,2.8389522269579546,0.009308293733840806,0.0,-189.50183618800315,-525.6000000000043,-165.90000000000057,0.0,-3.0,-2.9999999999999996,-1.3600000000000008,
min_distance,Min-Distance,1,-32.95353978004621,2.79637114452335,699.0761408337222,0.6779661016949152,0.3220338983050847,0.0,0.9794666666666667,0.9824166666666667,0.8081409188288503,0.8077563645015465,0.19176778491553653,0.999524149417083,0.999524149417083,0.0004758505829169641,0.004916666666666666,0.01494648791873139,0.01494648791873139,0.11393097409357628,0.19176778491553653,4201.0,3395.0,806.0,-1096.792430481137,-1.750619756146081,713.1999999999615,1358.0000000000348,310.2783184767345,-1.847999999999997,2.3711093664349328,0.0,0.0,-257.31035954043375,-644.7999999999976,-281.4000000000049,0.0,-4.0,-5.699999999999998,-1.2000000000000008,1.0
min_distance,Min-Distance,2,-26.448409776510907,2.7916508279424255,660.117151966162,0.6875,0.3125,0.0,0.9771333333333333,0.9803333333333333,0.822447992259313,0.822447992259313,0.177552007740687,1.0,1.0,0.0,0.005333333333333333,0.014966983931932895,0.014966983931932895,0.11073232072715958,0.177552007740687,4134.0,3400.0,734.0,-1068.6392862363375,-1.6522906905723553,772.7999999999564,1360.0000000000352,313.4523082443481,-2.057999999999998,2.608457913487066,0.0,0.0,-252.60043552624376,-587.2000000000008,-242.70000000000348,0.0,-4.0,-5.999999999999998,-1.320000000000001,1.0
min_distance,Min-Distance,3,-29.416043970072092,2.765044722773367,624.2693658496328,0.8095238095238095,0.19047619047619047,0.0,0.9687666666666667,0.9719166666666667,0.8120104438642297,0.8110478899952585,0.18776671408250356,0.998814604077762,0.998814604077762,0.0011853959222380276,0.00525,0.02329646002508758,0.02329646002508758,0.10732323008899887,0.18776671408250356,4213.0,3421.0,792.0,-1077.8638729495021,-1.6372168267885923,734.7999999999614,1368.4000000000372,311.623966848924,-2.8109999999999995,2.9966476623679483,0.0,0.0,-260.782868904314,-633.5999999999982,-230.70000000000303,0.0,-4.0,-3.599999999999999,-1.5300000000000011,1.0
min_distance,Min-Distance,4,-28.237263215462367,2.821244349029312,645.0057296359183,0.639344262295082,0.36065573770491804,0.0,0.9746166666666667,0.9776666666666667,0.8111630194246373,0.8109636184857424,0.1887905604719764,0.9997541789577188,0.9997541789577188,0.0002458210422812193,0.005083333333333333,0.008311209466277381,0.008311209466277381,0.1071969675210615,0.1887905604719764,4067.0,3299.0,768.0,-1038.414106514916,-1.6293694946244686,705.1999999999663,1319.600000000026,307.6929901627514,-2.284499999999996,2.299744460048288,0.0,0.0,-248.05485783069693,-614.3999999999993,-236.40000000000325,0.0,-4.0,-6.599999999999998,-1.1700000000000008,1.0
min_distance,Min-Distance,5,-30.829767463984464,2.8002918408337867,683.8149342069859,0.7627118644067796,0.23728813559322035,0.0,0.9816333333333334,0.9845833333333334,0.8126794258373206,0.8124850514231046,0.1872757713465678,0.9997608227696724,0.9997608227696724,0.00023917723032767282,0.004916666666666666,0.021600634677516696,0.021600634677516696,0.11527777515972654,0.1872757713465678,4180.0,3397.0,783.0,-1086.1600305355844,-1.7433078271207765,732.3999999999551,1358.800000000035,308.960776429123,-1.652999999999999,2.6785972999465724,0.036153841494103466,0.0,-258.36539259198554,-626.3999999999986,-270.6000000000045,0.0,-4.0,-4.199999999999999,-1.3600000000000008,1.0
min_distance,Min-Distance,6,-32.949341548928345,2.825942365692746,711.5074430274584,0.6666666666666666,0.3333333333333333,0.0,0.9811666666666666,0.9841666666666666,0.8092759110269758,0.8090844570617459,0.19067896853560445,0.9997634255973503,0.9997634255973503,0.0002365744026496333,0.005,0.026545615053842137,0.026545615053842137,0.11271043528492251,0.19067896853560445,4226.0,3420.0,806.0,-1107.9478755212187,-1.8744866387260566,723.199999999962,1368.000000000037,309.3430905207377,-1.694999999999999,2.3748522270131467,0.03199999740600588,0.0,-269.6789305493135,-644.7999999999976,-269.7000000000045,0.0,-4.0,-5.999999999999998,-1.2050000000000007,1.0
min_distance,Min-Distance,7,-22.269130754942196,2.7558305367903317,597.69563581475,0.7543859649122807,0.24561403508771928,0.0,0.9755666666666666,0.9784166666666667,0.8262586377097729,0.8258510113468179,0.17365564874198322,0.9995066600888012,0.9995066600888012,0.000493339911198816,0.00475,0.018285568051141735,0.018285568051141735,0.10311447558924555,0.17365564874198322,4052.0,3348.0,704.0,-1030.184347784691,-1.5833665030462662,775.9999999999601,1339.2000000000305,306.89315912556634,-2.1989999999999994,2.533449576486356,0.0,0.0,-228.44708314392443,-563.2000000000022,-216.00000000000247,0.0,-4.0,-4.199999999999999,-1.290000000000001,1.0
min_distance,Min-Distance,8,-24.509028917792318,2.768301032006029,646.0943647503019,0.7450980392156863,0.2549019607843137,0.0,0.9792,0.98175,0.828941063727839,0.828544061302682,0.17097701149425287,0.9995210727969349,0.9995210727969349,0.0004789272030651341,0.00425,0.019937485551327086,0.019937485551327086,0.11153198418517908,0.17097701149425287,4174.0,3460.0,714.0,-1071.84886813867,-1.7220511460466672,812.7999999999605,1384.0000000000407,313.270983135896,-1.871999999999998,2.2255566669968356,0.0,0.0,-239.33266715039755,-571.2000000000018,-258.30000000000405,0.0,-4.0,-3.899999999999999,-1.1400000000000008,1.0
min_distance,Min-Distance,9,-26.651183952636824,2.7662461191747565,608.8360613807058,0.7796610169491526,0.22033898305084745,0.0,0.9644666666666667,0.9674166666666667,0.8168912415784408,0.8159096371064648,0.18288872867099254,0.9987983657774573,0.9987983657774573,0.001201634222542658,0.004916666666666666,0.013311209361361043,0.013311209361361043,0.10315656345337629,0.18288872867099254,4156.0,3395.0,761.0,-1046.3637083771034,-1.6351219056742952,749.1999999999653,1358.0000000000348,310.95484619254023,-3.198,2.7219231404413167,0.029508197182642783,0.0,-243.1591863796425,-608.7999999999996,-225.30000000000283,0.0,-8.0,-3.899999999999999,-1.385000000000001,1.0
min_distance,Min-Distance,10,-32.426415013914635,2.81460153942893,697.9105761068898,0.6716417910447762,0.3283582089552239,0.0,0.9763999999999999,0.97975,0.8102757482913033,0.8098939929328622,0.1896348645465253,0.9995288574793875,0.9995288574793875,0.0004711425206124853,0.005583333333333333,0.013274676077195893,0.013274676077195893,0.1074074050411582,0.1896348645465253,4243.0,3438.0,805.0,-1101.4697048608,-1.7233584313264654,731.1999999999568,1375.2000000000387,314.72420083610194,-2.123999999999998,2.6675180571988863,0.005637741322963358,0.0,-274.7925232639744,-643.9999999999976,-267.0000000000044,0.0,-4.0,-6.599999999999998,-1.3550000000000009,1.0
random,Random,1,-154.90952751794833,3.173921016433154,414.14335482211646,0.7326373785703929,0.2673626214296071,0.00028989708653428034,0.3715333333333328,0.7163333333333333,0.6414779499404052,0.6402569593147751,0.357839638353557,0.9980965976683321,0.9980965976683321,0.0019034023316678564,0.57475,0.011626276085049703,0.011626276085049703,0.09221380269154907,0.357839638353557,4195.0,2691.0,1504.0,-1124.6203859352213,-1.121013312041219,-126.79999999998888,1076.3999999999708,227.5397013180114,-56.56200000000008,316.8915702240058,0.5675300374719717,0.0,-449.3849631888984,-1203.199999999966,-97.49999999999943,-9.5,-4.0,-547.5000000000083,-152.39500000000444,1.0
random,Random,2,-145.97091713221184,3.1295511937332674,378.923426414703,0.7359574773739406,0.2640425226260595,0.0011479408810446262,0.37354999999999994,0.7215833333333334,0.6576969696969697,0.6562651185292695,0.3415578132559265,0.997822931785196,0.997822931785196,0.0021770682148040637,0.5800833333333333,0.019882685617476727,0.019882685617476727,0.09250841500858466,0.3415578132559265,4125.0,2713.0,1412.0,-1091.5200154616439,-1.0838238201403951,-44.399999999995146,1085.1999999999728,234.0641196085321,-56.380500000000026,321.6537518414705,0.6141384038289343,0.0,-425.1023221972874,-1129.5999999999701,-79.1999999999996,-6.5,-2.0,-547.5000000000083,-154.50000000000443,1.0
random,Random,3,-136.518509634363,3.007512299840675,343.3346594206828,0.7567305023591452,0.24326949764085484,0.0015241790217541914,0.37703333333333366,0.7373333333333334,0.6768133174791915,0.6747273589378853,0.32219061166429586,0.9969179706021811,0.9969179706021811,0.0030820293978188716,0.6005,0.019926593472464903,0.019926593472464903,0.075968011499693,0.32219061166429586,4205.0,2846.0,1359.0,-1105.0287305658233,-1.1768972140465348,51.20000000000837,1138.3999999999849,243.94974765466878,-56.066999999999794,345.6019560828339,0.4387489154404206,0.0,-391.4799284091241,-1087.1999999999725,-51.599999999999866,-9.5,-3.0,-520.2000000000124,-164.21000000000495,1.0
random,Random,4,-141.16486792537594,3.1485808023220945,378.60678746804024,0.7496817988969029,0.25031820110309716,0.0005653710247349824,0.376783333333333,0.7303333333333333,0.6604330708661418,0.6597836774827925,0.3392330383480826,0.9990167158308751,0.9990167158308751,0.0009832841691248771,0.58925,0.0066352784600566435,0.0066352784600566435,0.08122895422081153,0.3392330383480826,4064.0,2684.0,1380.0,-1064.7784586524879,-1.0781026925714874,-30.400000000001555,1073.5999999999701,235.42934080773267,-56.08949999999987,338.04385779131263,0.33959684292948633,0.0,-412.656101484045,-1103.9999999999716,-74.39999999999965,-6.5,-2.0,-527.1000000000114,-159.66000000000486,1.0
random,Random,5,-154.20446085138315,3.1813693706076935,412.67956141684317,0.7232912119471568,0.2767087880528432,0.0011474469305794606,0.36389999999999956,0.7120833333333334,0.648499399759904,0.6460176991150443,0.35015546519971297,0.9961731643147572,0.9961731643147572,0.003826835685242765,0.5803333333333334,0.014963126861546392,0.014963126861546392,0.09604376889765262,0.35015546519971297,4165.0,2701.0,1464.0,-1108.674076596036,-1.1401509550309201,-90.79999999999328,1080.3999999999717,226.24128372549427,-57.24900000000002,311.9789361246054,0.625116302846902,0.0,-449.206475763936,-1171.1999999999678,-92.39999999999948,-6.0,-2.0,-574.5000000000042,-151.9000000000044,1.0
random,Random,6,-159.82842790664137,3.21512642930788,431.2409248490857,0.7174475423972406,0.28255245760275943,0.0008615738081562321,0.35784999999999956,0.7056666666666667,0.6387769613652524,0.6375680151407618,0.36053938963804116,0.9981074047788029,0.9981074047788029,0.0018925952211970665,0.5798333333333333,0.028274336215304795,0.028274336215304795,0.1041666641831398,0.36053938963804116,4219.0,2695.0,1524.0,-1127.267718783976,-1.2081731174123953,-141.1999999999977,1077.9999999999711,224.7895879007907,-57.7934999999998,309.25313772504023,0.7058416663637271,0.0,-460.77539276376774,-1219.199999999965,-100.7999999999994,-7.5,-1.0,-585.3000000000026,-150.62000000000427,1.0
random,Random,7,-130.50431789996256,3.0316667774504107,329.27618129586364,0.7535395189003437,0.24646048109965635,0.0006868131868131869,0.37249999999999983,0.7362500000000001,0.6887188348555913,0.6882091761223483,0.3110508140108535,0.9992599901332018,0.9992599901332018,0.0007400098667982239,0.60625,0.02496312666691898,0.02496312666691898,0.07457912269358834,0.3110508140108535,4051.0,2790.0,1261.0,-1051.8316034645534,-1.1446358699450425,107.20000000000424,1115.9999999999798,237.50930163871607,-56.47499999999999,345.7847039095672,0.4028530167795786,0.0,-353.4366865281492,-1008.7999999999769,-52.49999999999986,-8.0,-4.0,-533.1000000000105,-165.100000000005,1.0
random,Random,8,-126.1253787086964,2.9756082223212625,316.16516794423393,0.7655313351498637,0.23446866485013623,0.0009527698380291275,0.3884166666666664,0.7554166666666666,0.6937109937590015,0.6920498084291188,0.3055555555555556,0.9976053639846744,0.9976053639846744,0.0023946360153256703,0.6116666666666667,0.014952234782684206,0.014952234782684206,0.07710437535618743,0.3055555555555556,4166.0,2890.0,1276.0,-1090.0382276610328,-1.1230375649318953,135.20000000001224,1155.9999999999889,244.39646547744545,-55.04250000000013,362.893027987937,0.7747156913349539,0.0,-339.23036102345276,-1020.7999999999762,-41.69999999999996,-8.5,-3.0,-511.20000000001363,-169.29000000000505,1.0
random,Random,9,-145.58185349524996,3.1278647101095887,383.6265865929846,0.7436672423719056,0.25633275762809443,0.00100647016534867,0.3736833333333338,0.7210833333333333,0.6569431051108968,0.6548906512857486,0.34198509973564045,0.996875751021389,0.996875751021389,0.0031242489786109107,0.579,0.011600634872144102,0.011600634872144102,0.08623737152665853,0.34198509973564045,4148.0,2725.0,1423.0,-1085.079439773657,-1.124402257748362,-48.39999999999799,1089.9999999999739,232.91759833647993,-56.368500000000004,322.2810215001742,0.5682754984071735,0.0,-428.52577491338275,-1138.3999999999696,-76.19999999999963,-9.5,-5.0,-528.6000000000112,-155.74500000000458,1.0
random,Random,10,-146.15850077891778,3.1123040870809335,414.29369575692124,0.7489227233553577,0.25107727664464236,0.0012910629751829005,0.3850666666666672,0.7331666666666667,0.6607648725212465,0.6593639575971731,0.3385159010600707,0.9978798586572438,0.9978798586572438,0.0021201413427561835,0.5801666666666667,0.021596777607130187,0.021596777607130187,0.09191918975363175,0.3385159010600707,4236.0,2799.0,1437.0,-1140.8113163669077,-1.1727928663649447,-29.999999999999577,1119.5999999999806,238.65360063424015,-55.34400000000002,326.3537196516329,0.6716231901377562,0.0,-443.7414928381755,-1149.599999999969,-86.39999999999954,-6.5,-2.0,-520.5000000000124,-157.17000000000462,1.0
joint_greedy,Joint Greedy,1,-130.10844430017482,4.179797536225426,2042.7831222333589,0.75,0.25,0.0,0.9269666666666666,0.9291666666666667,0.5674518201284796,0.5674518201284796,0.43254817987152033,1.0,1.0,0.0,0.0036666666666666666,0.0,0.0,0.0,0.43254817987152033,4203.0,2385.0,1818.0,-1323.2792879027845,-3.4830214209760233,-500.40000000003386,953.9999999999629,211.18636326267455,-6.573000000000016,2.128463334542736,0.0,0.0,-850.4479594360214,-1454.3999999999517,0.0,0.0,-4.0,-3.2999999999999994,-0.9900000000000007,
joint_greedy,Joint Greedy,2,-132.4421817665666,4.21309483971663,1988.1932411550515,0.8863636363636364,0.11363636363636363,0.0,0.9086333333333333,0.9108333333333334,0.5573572120038722,0.5570875665215288,0.4424286405418481,0.9995162070633768,0.9995162070633768,0.0004837929366231253,0.0036666666666666666,0.0,0.0,0.0,0.4424286405418481,4132.0,2303.0,1829.0,-1280.3419394646467,-3.40344110342508,-542.0000000000196,921.1999999999648,205.14724038839447,-8.222999999999997,2.4961165028372276,0.0,0.0,-859.6116116544976,-1463.1999999999512,0.0,0.0,-4.0,-1.5,-1.1700000000000008,
joint_greedy,Joint Greedy,3,-131.0820121713709,4.193733519503214,2008.386788633007,0.8809523809523809,0.11904761904761904,0.0,0.9178166666666666,0.9199166666666667,0.5665083135391924,0.5654338549075392,0.43266951161688005,0.9981033665244191,0.9981033665244191,0.001896633475580844,0.0035,0.0,0.0,0.0,0.43266951161688005,4210.0,2385.0,1825.0,-1299.4638623406286,-3.4575262010711136,-506.00000000003627,953.9999999999629,209.89577472315864,-7.396499999999993,2.3446533353722043,0.0,0.0,-872.3097264349291,-1459.9999999999513,0.0,0.0,-3.0,-1.5,-1.1100000000000008,
joint_greedy,Joint Greedy,4,-122.63159451031385,4.254893713388814,2003.4582269001937,0.8,0.2,0.0,0.93275,0.935,0.5771217712177121,0.5766961651917404,0.4225663716814159,0.9992625368731564,0.9992625368731564,0.0007374631268436578,0.00375,0.0,0.0,0.0,0.4225663716814159,4065.0,2346.0,1719.0,-1277.847801972131,-3.5414088088297433,-436.8000000000135,938.3999999999638,201.90204850525393,-6.052499999999974,2.3182842458169937,0.0,0.0,-809.8330121763919,-1375.1999999999562,0.0,0.0,-4.0,-2.6999999999999997,-1.0800000000000007,
joint_greedy,Joint Greedy,5,-135.07675024762628,4.245182348146065,2016.7139426853935,0.8947368421052632,0.10526315789473684,0.0,0.9130166666666666,0.9149166666666667,0.5545454545454546,0.5544128198995456,0.44534800287012677,0.9997608227696724,0.9997608227696724,0.00023917723032767282,0.0031666666666666666,0.0,0.0,0.0,0.44534800287012677,4180.0,2318.0,1862.0,-1303.1498784796265,-3.386398208175087,-562.4000000000204,927.1999999999645,202.76133224514928,-7.828499999999961,2.179295424599338,0.0,0.0,-874.7493559344796,-1489.5999999999497,0.0,0.0,-4.0,-1.2,-1.0200000000000007,
joint_greedy,Joint Greedy,6,-127.93539095436579,4.206459559810175,2081.304150725684,0.8222222222222222,0.17777777777777778,0.0,0.9380833333333333,0.9403333333333334,0.5794082840236686,0.5791341376863024,0.4203927135083984,0.9995268511947007,0.9995268511947007,0.0004731488052992666,0.00375,0.0,0.0,0.0,0.4203927135083984,4225.0,2448.0,1777.0,-1347.9446917472828,-3.59091056317151,-442.40000000001305,979.1999999999615,215.04509620082425,-5.572499999999998,2.389888617936054,0.0,0.0,-869.0466849981831,-1421.5999999999535,0.0,0.0,-4.0,-2.4,-1.1100000000000008,
joint_greedy,Joint Greedy,7,-127.77689077455516,4.195965844016434,1913.2155711720955,0.8372093023255814,0.16279069767441862,0.0,0.9001833333333333,0.9023333333333333,0.5636408485446472,0.5636408485446472,0.43635915145535276,1.0,1.0,0.0,0.0035833333333333333,0.0,0.0,0.0,0.43635915145535276,4054.0,2285.0,1769.0,-1236.8233766692379,-3.4115641483423556,-501.2000000000398,913.9999999999652,200.42963324368648,-8.98349999999998,2.2984107744013715,0.0,0.0,-829.980918691614,-1415.199999999954,0.0,0.0,-4.0,-2.1,-1.0800000000000007,
joint_greedy,Joint Greedy,8,-127.45383855174482,4.220290155990425,2047.758133583442,0.8372093023255814,0.16279069767441862,0.0,0.93085,0.933,0.5805988023952096,0.5804597701149425,0.4193007662835249,0.9997605363984674,0.9997605363984674,0.00023946360153256704,0.0035833333333333333,0.0,0.0,0.0,0.4193007662835249,4175.0,2424.0,1751.0,-1314.6012711408719,-3.494464226508005,-431.2000000000232,969.599999999962,216.42127063219394,-6.2234999999999525,2.289427470340818,0.0,0.0,-888.9179727823537,-1400.7999999999547,0.0,0.0,-4.0,-2.1,-1.0800000000000007,
joint_greedy,Joint Greedy,9,-140.74816862538876,4.233333562333693,1895.6422428144851,0.8372093023255814,0.16279069767441862,0.0,0.8756833333333335,0.8778333333333334,0.5310544053923929,0.5301610189858207,0.46815669310261954,0.9983177120884402,0.9983177120884402,0.0016822879115597211,0.0035833333333333333,0.0,0.0,0.0,0.46815669310261954,4154.0,2206.0,1948.0,-1231.204928660266,-3.195153272213254,-676.0000000000167,882.399999999967,194.84873699967196,-11.188500000000065,2.3151775081719865,0.0,0.0,-869.9852452348352,-1558.3999999999457,0.0,0.0,-7.0,-2.1,-1.0800000000000007,
joint_greedy,Joint Greedy,10,-128.45400362250882,4.198501412283474,2102.771897697047,0.7317073170731707,0.2682926829268293,0.0,0.9420333333333333,0.9440833333333334,0.5794436586515794,0.5790341578327444,0.4202591283863369,0.9992932862190813,0.9992932862190813,0.0007067137809187279,0.003416666666666667,0.0,0.0,0.0,0.4202591283863369,4242.0,2458.0,1784.0,-1359.2898640217516,-3.568967977314557,-444.00000000003,983.1999999999613,215.89470081854736,-5.21700000000003,1.9173429580331582,0.0,0.0,-868.3699075699371,-1427.1999999999532,0.0,0.0,-4.0,-3.2999999999999994,-0.9000000000000006,
full_local,Full-Local,1,-143.1544147855527,4.2067016736551786,1889.6692163781736,0.7317073170731707,0.2682926829268293,0.0,0.8617000000000001,0.86375,0.5236848369435848,0.5234356412086605,0.4760885082084226,0.999524149417083,0.999524149417083,0.0004758505829169641,0.003416666666666667,0.0,0.0,0.0,0.4760885082084226,4201.0,2200.0,2001.0,-1223.2908968835557,-3.208384648116122,-720.8000000000051,879.9999999999671,195.64510762718223,-12.446999999999937,1.9623742151503145,0.0,0.0,-859.3832970731765,-1600.7999999999433,0.0,0.0,-4.0,-3.2999999999999994,-0.9000000000000006,
full_local,Full-Local,2,-136.71719356831255,4.2308471943786055,1951.2132964000666,0.9,0.1,0.0,0.8879166666666667,0.8899166666666667,0.5451902108068815,0.5442670537010159,0.4540396710208031,0.998306724721819,0.998306724721819,0.0016932752781809385,0.0033333333333333335,0.0,0.0,0.0,0.4540396710208031,4127.0,2250.0,1877.0,-1255.9232780703007,-3.320397379643881,-601.6000000000136,899.999999999966,200.58345383279877,-10.087499999999979,2.331467801760895,0.0,0.0,-868.3851175508731,-1501.599999999949,0.0,0.0,-4.0,-1.2,-1.0800000000000007,
full_local,Full-Local,3,-137.24908841306083,4.201283304736137,1918.3003391173888,0.8974358974358975,0.10256410256410256,0.0,0.8815500000000001,0.8835,0.5451306413301663,0.5440967283072546,0.4540066382171645,0.9981033665244191,0.9981033665244191,0.001896633475580844,0.00325,0.0,0.0,0.0,0.4540066382171645,4210.0,2295.0,1915.0,-1242.8093529291386,-3.3187057480293616,-614.0000000000252,917.999999999965,202.2921527177628,-10.660499999999884,2.276696389058885,0.0,0.0,-872.8530021815501,-1531.9999999999472,0.0,0.0,-2.0,-1.2,-1.0500000000000007,
full_local,Full-Local,4,-125.0934520827485,4.2606879573187575,1976.8968963232655,0.7555555555555555,0.24444444444444444,0.0,0.9198333333333333,0.9220833333333334,0.5687915333497415,0.5680924287118977,0.4306784660766962,0.9987708947885939,0.9987708947885939,0.0012291052114060963,0.00375,0.0,0.0,0.0,0.4306784660766962,4063.0,2311.0,1752.0,-1260.4035501086453,-3.490127543008812,-477.2000000000132,924.3999999999646,199.04183466897987,-7.215000000000013,2.227621916055534,0.0,0.0,-810.2855394547906,-1401.5999999999547,0.0,0.0,-4.0,-3.2999999999999994,-1.0200000000000007,
full_local,Full-Local,5,-140.0829697871481,4.262348025171349,1977.8206691394441,0.9411764705882353,0.058823529411764705,0.0,0.89005,0.89175,0.5402298850574713,0.5395838316192298,0.4592202822291318,0.9988041138483617,0.9988041138483617,0.001195886151638364,0.0028333333333333335,0.0,0.0,0.0,0.4592202822291318,4176.0,2256.0,1920.0,-1275.8723266749569,-3.2931609293255826,-633.6000000000097,902.3999999999659,197.6439320037013,-9.895499999999982,2.074066395708158,0.0,0.0,-885.1419065380967,-1535.999999999947,0.0,0.0,-4.0,-0.6,-0.9600000000000006,
full_local,Full-Local,6,-128.15943418950172,4.2092720116426765,2080.4956221473303,0.8181818181818182,0.18181818181818182,0.0,0.9364666666666667,0.9386666666666666,0.5788352272727273,0.5784244144783535,0.42086586231369766,0.9992902767920511,0.9992902767920511,0.0007097232079489,0.0036666666666666666,0.0,0.0,0.0,0.42086586231369766,4224.0,2445.0,1779.0,-1345.7206037233402,-3.58615869093202,-445.20000000001306,977.9999999999616,214.7466081782905,-5.7180000000000035,2.3345392822217135,0.0,0.0,-869.7225522388361,-1423.1999999999534,0.0,0.0,-4.0,-2.4,-1.0800000000000007,
full_local,Full-Local,7,-139.38758149776484,4.218002762853381,1783.4456497305932,0.8648648648648649,0.13513513513513514,0.0,0.8335666666666667,0.8354166666666667,0.5247964470762398,0.5246669955599408,0.4750863344844598,0.9997533300444006,0.9997533300444006,0.000246669955599408,0.0030833333333333333,0.0,0.0,0.0,0.4750863344844598,4053.0,2127.0,1926.0,-1148.9093977520424,-3.174977147774165,-690.0000000000141,850.7999999999688,187.43332456398423,-14.978999999999877,2.104621198063584,0.0,0.0,-829.1652008175312,-1540.7999999999467,0.0,0.0,-4.0,-1.5,-0.9600000000000006,
full_local,Full-Local,8,-134.25095965313537,4.235412988794482,1982.5178736563198,0.8717948717948718,0.1282051282051282,0.0,0.8987999999999999,0.9007499999999999,0.5589645254074784,0.5584291187739464,0.44061302681992337,0.9990421455938697,0.9990421455938697,0.0009578544061302681,0.00325,0.0,0.0,0.0,0.44061302681992337,4172.0,2332.0,1840.0,-1267.933427304921,-3.3837546897665653,-539.2000000000188,932.7999999999641,207.666306056856,-9.108,2.223315750867821,0.0,0.0,-897.7878718880437,-1471.9999999999507,0.0,0.0,-4.0,-1.5,-1.0200000000000007,
full_local,Full-Local,9,-153.01782441314768,4.257835478518122,1743.1310722205392,0.8648648648648649,0.13513513513513514,0.0,0.8065666666666668,0.8084166666666667,0.4901299951853635,0.4893054554193703,0.5090122566690699,0.9983177120884402,0.9983177120884402,0.0016822879115597211,0.0030833333333333333,0.0,0.0,0.0,0.5090122566690699,4154.0,2036.0,2118.0,-1129.2875783686889,-2.950282241256973,-879.9999999999998,814.3999999999709,180.4173239620639,-17.40899999999991,2.087223211796603,0.0,0.0,-878.1912149785612,-1694.399999999938,0.0,0.0,-4.0,-1.5,-0.9600000000000006,
full_local,Full-Local,10,-137.33763963291116,4.2246756061261905,1999.3280712468834,0.7714285714285715,0.22857142857142856,0.0,0.8966666666666666,0.8984166666666666,0.5514150943396227,0.5507656065959953,0.4480565371024735,0.9988221436984688,0.9988221436984688,0.001177856301531213,0.002916666666666667,0.0,0.0,0.0,0.4480565371024735,4240.0,2338.0,1902.0,-1292.397786045285,-3.387225582214646,-586.4000000000176,935.199999999964,205.37992389309662,-9.299999999999997,1.7534638474717952,0.0,0.0,-881.1905687444557,-1521.5999999999478,0.0,0.0,-4.0,-2.4,-0.8100000000000005,
