method,display_name,is_system,episodes,mean_reward,std_reward,avg_delay,avg_success_delay,p95_success_delay,total_energy,handover_success_rate,handover_failure_rate,forced_termination_rate,total_user_seconds,blocked_user_seconds,blocked_time_ratio,handover_interruption_seconds,service_interruption_seconds,total_handovers,handover_attempts,handover_committed,handover_aborted,handover_radio_failures,migration_rejections,reconnection_attempts,reconnections,failed_handovers,service_continuity_rate,service_availability_rate,task_completion_rate,task_success_rate,task_failure_rate,task_settlement_rate,task_resolution_rate,pending_task_rate,deadline_violation_rate,failed_tasks,handover_frequency,handovers_per_user_minute,load_balance_variance,load_balance_coefficient,load_variance_sample_count,mec_load_fairness,jain_mec_load_fairness,active_mec_load_fairness,reachable_jain_mec_load_fairness,active_load_balance_score,avg_load_balance_score,resolved_tasks,pending_tasks,total_tasks,completed_tasks,deadline_violations,energy_per_resolved_task,energy_per_successful_task,handover_action_rate,local_compute_rate,mean_offload_ratio,reward_task_success,reward_load_balance,penalty_delay,penalty_energy,penalty_task_failure,penalty_service_interruption,penalty_failed_handover,selection_metric,selection_score,primary_metric_win_count,primary_metric_wins_text,selected_offload,method_variant,training_history,source,num_users,seed
han_mappo_latency_priority_multiuser_u35,HAN+MAPPO,True,5,52.705788297985784,7.95506506645239,3.0007300265460155,2.049299486987721,4.3016723335204565,9330.385399671057,1.0,0.0,0.5208737200499214,17920.0,367.2,0.020491071428571428,42.96000161170959,410.16000070571897,34.4,34.4,34.4,0.0,0.0,0.0,37.2,37.2,0.0,0.9771116071034756,0.9795089285714285,0.7989666414688537,0.7979898428201632,0.20078595760167822,0.9987758004218413,0.9987758004218413,0.0012241995781585586,0.1994041116578396,8.6,0.0019196428571428572,0.11517857142857142,0.05811124975684571,0.6227904706322422,2559,0.6227904706322422,0.8417598504270163,0.8705781868676661,0.8417598504270163,0.6227904706322422,0.6227904706322422,6209.2,7.6,6216.8,4961.2,1239.4,1.5026711008940052,1.880671087573784,0.0039955357142857145,0.7618303571428572,0.16041699051856995,141.7485714285721,21.54105118586255,-42.690948943532156,-28.720087424035977,-35.65714285714332,-3.5156573042273522,0.0,reward,52.705788297985784,0,,,,/home/pjpjq/LEO_switch/results/full_train_latency_priority_multiuser_u35_multiuser_single_seed_150k_20260804/training_history.json,checkpoint_eval,35,42
han_pdqn,HAN+PDQN,False,5,87.4791245294502,5.1709229304973645,2.0953525180758,1.8244328376848167,4.178802896474812,7562.0176193169655,1.0,0.0,0.15122411314606998,17920.0,337.4,0.018828124999999998,82.44000313282012,419.84000039100647,118.8,118.8,118.8,0.0,0.0,0.0,18.6,18.6,0.0,0.976571428549609,0.981171875,0.9141627129192379,0.9136309963697873,0.08578819810580776,0.999419194475595,0.999419194475595,0.0005808055244049461,0.08549825230042196,1.8,0.006629464285714285,0.3977678571428571,0.07376819944206824,0.5443147315320721,2513,0.5443147315320721,0.7173741325351111,0.6318095576461771,0.7173741325351111,0.5443147315320721,0.5443147315320721,6213.2,3.6,6216.8,5680.0,531.4,1.2170890393544334,1.3313411301614375,0.007667410714285714,0.5839620535714286,0.40312668681144714,162.28571428572252,18.0349644273169,-43.504310699275216,-30.504329755034377,-15.234285714285667,-3.5986287191510202,0.0,reward,87.4791245294502,5,Successful-Task Delay | P95 Successful-Task Delay | Task Success | Deadline Violation | Energy per Successful Task,,,/home/pjpjq/LEO_switch/results/baseline_compare/multiuser_scaling_multiuser_single_seed_150k_20260804/u35/learned_baselines/han_pdqn/training_history.json,han_pdqn_train_eval,35,42
pdqn,PDQN,False,5,77.19572979990626,4.845076198629822,2.2215518680670003,1.8627189146379748,4.271590837280509,7798.96698173184,0.8178167942172705,0.18218320578272956,0.14838493982292347,17920.0,369.2,0.02060267857142857,128.40000493526458,497.60000257492067,229.0,229.0,183.4,45.6,45.8,0.0,30.8,30.6,45.6,0.9722321427134532,0.9793973214285714,0.8909365356014545,0.890559421358366,0.10902105421515455,0.9995804755735206,0.9995804755735206,0.00041952442647941494,0.10844544923560051,3.6,0.010234375,0.6140625,0.09426515408535077,0.45236889085800186,2461,0.45236889085800186,0.6571058531481293,0.4984879076762809,0.6571058531481293,0.45236889085800186,0.45236889085800186,6214.2,2.6,6216.8,5536.4,674.2,1.2550234916371923,1.4086711548536668,0.014497767857142857,0.39934151785714284,0.589252769947052,158.18285714286387,16.18901682921696,-43.05774773877203,-30.225825156125193,-19.365714285714226,-4.265143029391766,-0.261714285714286,reward,77.19572979990626,0,,,,/home/pjpjq/LEO_switch/results/baseline_compare/multiuser_scaling_multiuser_single_seed_150k_20260804/u35/learned_baselines/pdqn/training_history.json,pdqn_train_eval,35,42
mappo_no_han,MAPPO,False,5,52.467401579738365,7.8783946741218065,3.0101907937941146,2.0378246909400666,4.263571095581772,9316.621085878054,1.0,0.0,0.5275334055615747,17920.0,377.6,0.021071428571428574,43.68000156879425,421.2800002574921,34.6,34.6,34.6,0.0,0.0,0.0,38.2,38.2,0.0,0.9764910714142024,0.9789285714285715,0.7977766559543034,0.7967201706561758,0.20196088601997766,0.9986810566761536,0.9986810566761536,0.001318943323846519,0.20044770134898768,9.4,0.0019308035714285716,0.11584821428571428,0.0576768636163549,0.6250815681202945,2559,0.6250815681202945,0.8379533544469246,0.8575690646786989,0.8379533544469246,0.6250815681202945,0.6250815681202945,6208.6,8.2,6216.8,4953.2,1246.0,1.5005993437937786,1.880929719348715,0.0040625,0.75765625,0.16658678650856018,141.52000000000058,21.443555886617723,-42.46151346558984,-28.55510009709176,-35.86857142857191,-3.6109715938568114,0.0,reward,52.467401579738365,0,,,,/home/pjpjq/LEO_switch/results/baseline_compare/multiuser_scaling_multiuser_single_seed_150k_20260804/u35/learned_baselines/mappo_no_han/training_history.json,mappo_no_han_train_eval,35,42
attn_mappo,Attn+MAPPO,False,5,51.00335647904721,7.1508343583981056,3.043105775715193,2.072089399721765,4.430552950516753,9175.76917995521,1.0,0.0,0.5287058044823166,17920.0,369.0,0.020591517857142853,44.88000166416168,413.8800007343292,35.8,35.8,35.8,0.0,0.0,0.0,39.0,39.0,0.0,0.9769040178161645,0.9794084821428571,0.7915175440578927,0.7905501625562916,0.20822563786554976,0.9987758004218413,0.9987758004218413,0.0012241995781585586,0.20671377097816462,9.4,0.001997767857142857,0.11986607142857145,0.05718908961680548,0.6276619740099206,2559,0.6276619740099206,0.8464935270896558,0.8757588155592003,0.8464935270896558,0.6276619740099206,0.6276619740099206,6209.2,7.6,6216.8,4914.8,1285.0,1.4777699510331783,1.8669669528679111,0.004174107142857143,0.7589174107142858,0.17538319528102875,140.42285714285728,21.662112405910253,-42.532980809334084,-28.018234004277968,-36.98285714285773,-3.5475430194288493,0.0,reward,51.00335647904721,0,,,,/home/pjpjq/LEO_switch/results/baseline_compare/multiuser_scaling_multiuser_single_seed_150k_20260804/u35/learned_baselines/attn_mappo/training_history.json,attn_mappo_train_eval,35,42
joint_greedy,Joint Greedy,False,5,24.891781465050734,5.66925334294129,3.42149052578185,2.318190446816429,5.086421009808889,9784.899944987574,0.9994350282485875,0.0005649717514124294,0.11099381569026205,17920.0,366.8,0.02046875,136.68000540733337,503.47999982833863,204.8,204.8,204.6,0.2,0.0,0.2,23.2,23.2,0.2,0.9719040178667221,0.97953125,0.7019843770668748,0.7011434787062424,0.29766644940975856,0.9988099281160009,0.9988099281160009,0.0011900718839990949,0.2968294641111998,5.2,0.011417410714285715,0.6850446428571428,0.0442698524592957,0.6991207078175345,2560,0.6991207078175345,0.8748535486514474,0.9159779447791507,0.8748535486514474,0.6991207078175345,0.6991207078175345,6209.4,7.4,6216.8,4358.8,1845.4,1.5758205213044052,2.244860958288422,0.012723214285714286,0.8463058035714286,0.15207310020923615,124.53714285713924,22.396250845477148,-43.61195534920121,-21.238686768074878,-52.874285714288135,-4.315543012693524,-0.001142857142857143,reward,24.891781465050734,0,,,,,heuristic_eval,35,42
random,Random,False,5,8.157399172028864,2.4307212553572857,3.504351628173,2.197308970908393,4.9921188330085196,9172.668145612832,0.9857616357065156,0.014238364293484351,0.001906258838069991,17920.0,327.0,0.018247767857142858,1709.5200402736664,2036.5200533628463,2886.6,2886.6,2843.8,42.8,0.0,42.8,5.4,5.4,42.8,0.8863549077364483,0.9817522321428573,0.6921285721892335,0.6915507703696017,0.30761336511492765,0.9991641354845292,0.9991641354845292,0.0008358645154706275,0.3075167879025978,0.6,0.1586941964285714,9.521651785714287,0.08337315526527016,0.49982082271184153,2560,0.49982082271184153,0.7368268712139405,0.6569519950907754,0.7368268712139405,0.49982082271184153,0.49982082271184153,6211.6,5.2,6216.8,4299.0,1912.0,1.4766997465407996,2.133674841966232,0.16138392857142858,0.0,1.0,122.82857142856771,18.86276790307693,-39.36794168821865,-21.819825419877738,-54.64571428571692,-17.45588651318103,-0.24457142857142883,reward,8.157399172028864,0,,1.0,random(best_offload=1.00),,heuristic_eval,35,42
min_distance,Min-Distance,False,5,5.201707961081411,5.14457862693067,3.980201708035467,2.2961647112153916,4.964584045423837,10192.116463150567,1.0,0.0,0.08731078061723223,17920.0,335.2,0.01870535714285714,38.52000153064728,373.7199987411499,58.8,58.8,58.8,0.0,0.0,0.0,5.4,5.4,0.0,0.9791450893559626,0.981294642857143,0.6496272449897682,0.6490010940024177,0.350033620361555,0.9990347143639727,0.9990347143639727,0.0009652856360272486,0.34990566026534425,0.8,0.0032812500000000003,0.196875,0.12237292367905346,0.34273994752354164,2560,0.34273994752354164,0.5932161923269896,0.382748127158828,0.5932161923269896,0.34273994752354164,0.34273994752354164,6210.8,6.0,6216.8,4034.2,2175.8,1.6410311816755598,2.526428155061863,0.0035825892857142857,0.0,1.0,115.26285714285434,15.186334523571011,-38.61683128271801,-21.23876580071348,-62.18857142857486,-3.2033144190907477,0.0,reward,5.201707961081411,1,Service Continuity,1.0,min_distance(best_offload=1.00),,heuristic_eval,35,42
full_local,Full-Local,False,5,-150.14985473959914,7.341974793410803,5.127386149035944,2.2316401802929464,5.405586696770746,13007.843018559866,0.0,0.0,1.0,17920.0,12436.2,0.693984375,0.0,12436.2,0.0,0.0,0.0,0.0,0.0,0.0,0.0,0.0,0.0,0.306015625,0.306015625,0.5218587691179095,0.5218587691179095,0.47814123088209054,1.0,1.0,0.0,0.47814123088209054,0.0,0.0,0.0,0.0,1.0,0.0,1.0,0.0,0.0,0.0,1.0,1.0,6216.8,0.0,6216.8,3243.8,2973.0,2.092369550019281,4.010063203206075,0.0,1.0,0.0,92.68000000000009,0.0,-29.956146712585365,-21.334851293999574,-84.9428571428582,-106.59601243548096,0.0,reward,-150.14985473959914,0,,,,,heuristic_eval,35,42
