num_users,seed,proposed_method,proposed_reward,best_competitor_method,best_competitor_name,best_competitor_reward,reward_advantage
20,42,han_pdqn,108.96153841475025,pdqn,PDQN,98.8993690910509,10.06216932369935
20,43,han_pdqn,107.63400921341963,han_mappo,HAN+MAPPO,99.39433806792367,8.239671145495961
20,44,han_pdqn,109.83208970593986,han_mappo,HAN+MAPPO,101.1332344736904,8.698855232249471
20,45,han_pdqn,108.92507776578422,pdqn,PDQN,100.95975698692492,7.965320778859308
20,46,han_pdqn,109.26812162315473,han_mappo,HAN+MAPPO,94.76096199864988,14.507159624504851
25,42,han_pdqn,99.46954164355994,pdqn,PDQN,86.68102575256489,12.788515890995043
25,43,han_pdqn,100.18341434044996,pdqn,PDQN,89.71534303971566,10.468071300734294
25,44,han_pdqn,99.83006500808987,pdqn,PDQN,86.5079076822949,13.322157325794976
25,45,han_pdqn,101.12564965795028,pdqn,PDQN,88.67896819943562,12.44668145851466
25,46,han_pdqn,99.014960534274,pdqn,PDQN,90.39451961416344,8.620440920110553
30,42,han_pdqn,94.06817252899054,pdqn,PDQN,81.4628550467547,12.605317482235847
30,43,han_pdqn,93.92092690806021,pdqn,PDQN,83.16483539288166,10.756091515178554
30,44,han_pdqn,94.06310343676014,pdqn,PDQN,83.89652588577883,10.166577550981316
30,45,han_pdqn,94.05165909590433,pdqn,PDQN,80.34891119073146,13.70274790517287
30,46,han_pdqn,91.54019233884756,pdqn,PDQN,81.35540056280442,10.184791776043141
35,42,han_pdqn,87.4791245294502,pdqn,PDQN,77.19572979990626,10.283394729543943
35,43,han_pdqn,85.76280850761104,pdqn,PDQN,76.15200975150802,9.610798756103023
35,44,han_pdqn,87.77954202340916,pdqn,PDQN,78.24541045441292,9.534131568996244
35,45,han_pdqn,86.07887887964026,pdqn,PDQN,80.16001398414373,5.918864895496526
35,46,han_pdqn,87.82594696059823,pdqn,PDQN,77.07000606326983,10.7559408973284
40,42,han_pdqn,79.45581286954693,pdqn,PDQN,70.73945207333891,8.716360796208022
40,43,han_pdqn,74.55249842898047,pdqn,PDQN,73.70491254403314,0.8475858849473354
40,44,han_pdqn,78.6602043005405,pdqn,PDQN,69.24701956695644,9.41318473358406
40,45,han_pdqn,77.17550767352513,pdqn,PDQN,70.06918545727095,7.106322216254185
40,46,han_pdqn,78.36174012914998,pdqn,PDQN,68.13316511529847,10.228575013851511
