method,display_name,episode,reward,avg_delay,total_energy,handover_success_rate,handover_failure_rate,forced_termination_rate,total_user_seconds,blocked_user_seconds,handover_interruption_seconds,service_interruption_seconds,total_handovers,failed_handovers,service_continuity_rate,service_availability_rate,task_completion_rate,task_success_rate,task_failure_rate,task_settlement_rate,task_resolution_rate,pending_task_rate,handover_frequency,load_balance_variance,load_balance_coefficient,load_variance_sample_count,mec_load_fairness,active_load_balance_score,avg_load_balance_score,deadline_violation_rate,resolved_tasks,completed_tasks,deadline_violations,energy_per_successful_task,reward_delay,reward_energy,reward_qos,reward_task_success,reward_deadline_slack,reward_service_continuity,reward_handover,reward_load_balance,reward_enqueue,penalty_deadline,penalty_task_failure,penalty_queue_full,penalty_invalid_action,penalty_blocked,penalty_failed_handover,penalty_handover_cost,selected_offload
han_mappo_latency_priority_multiuser_u20,HAN+MAPPO,1,-23.08048215493293,2.5291448923297097,854.3729027917041,0.7457627118644068,0.2542372881355932,0.0,12000.0,165.0,35.40000000000003,200.3999999999998,59.0,15.0,0.9833000000000001,0.98625,0.8413564145126867,0.8413564145126867,0.15864358548731325,1.0,1.0,0.0,0.004916666666666666,0.0055414109428690754,0.9566300356374884,249.0,0.9566300356374884,0.9566300356374884,0.9566300356374884,0.15864358548731325,4217.0,3548.0,669.0,0.24080408759630892,-739.9585653172596,-19.766272548043148,485.59999999999536,887.0,138.01212042658983,-1.5029999999999966,2.7590247418668117,0.0,0.0,-132.60394157373344,-401.4000000000038,-156.3000000000002,0.0,-3.0,-4.499999999999999,-1.320000000000001,
han_mappo_latency_priority_multiuser_u20,HAN+MAPPO,2,-31.34313387755081,2.692282042186563,988.0306494162527,0.7843137254901961,0.21568627450980393,0.0,12000.0,151.0,30.60000000000003,181.59999999999988,51.0,11.0,0.9848666666666667,0.9874166666666667,0.8256007613609326,0.8254043767840152,0.17435775451950522,0.9997621313035204,0.9997621313035204,0.0002378686964795433,0.00425,0.005812863353308728,0.954553783753396,260.0,0.954553783753396,0.954553783753396,0.954553783753396,0.17435775451950522,4203.0,3470.0,733.0,0.28473505746866073,-753.4824812053284,-20.2815809357953,427.69999999999675,867.5,133.3239979347075,-1.3619999999999974,2.55452117380241,0.03310810542611686,0.0,-160.21817035670168,-439.80000000000524,-221.10000000000267,0.0,-3.0,-3.2999999999999994,-1.2050000000000007,
han_mappo_latency_priority_multiuser_u20,HAN+MAPPO,3,-33.49575144773793,2.69489302547665,997.240978788774,0.7068965517241379,0.29310344827586204,0.0,12000.0,109.0,34.80000000000004,143.79999999999976,58.0,17.0,0.9880166666666667,0.9909166666666667,0.8248869854865573,0.8248869854865573,0.17511301451344277,1.0,1.0,0.0,0.004833333333333334,0.0055215412469424505,0.9567821857993077,265.0,0.9567821857993077,0.9567821857993077,0.9567821857993077,0.17511301451344277,4203.0,3467.0,736.0,0.2876380094573908,-768.3650102676786,-20.497385773282446,425.149999999997,866.75,130.3383697250662,-1.0784999999999976,2.6132389177056985,0.0,0.0,-167.50719805555704,-441.6000000000053,-241.80000000000345,0.0,-2.0,-5.099999999999999,-1.2300000000000009,
attn_mappo,Attn+MAPPO,1,-21.93822891142658,2.5242599243282036,821.6871823601821,0.7631578947368421,0.23684210526315788,0.0,12000.0,167.0,45.600000000000044,212.59999999999977,76.0,18.0,0.9822833333333334,0.9860833333333333,0.8425420915342661,0.8425420915342661,0.15745790846573393,1.0,1.0,0.0,0.006333333333333333,0.005524300938429279,0.9567610523293407,251.0,0.9567610523293407,0.9567610523293407,0.9567610523293407,0.15745790846573393,4217.0,3553.0,664.0,0.2312657422910729,-740.1175450626749,-19.204740270488397,489.84999999999513,888.25,137.44069739155108,-1.5944999999999956,3.5381142679517934,0.0,0.0,-128.26310458776493,-398.4000000000037,-139.49999999999957,0.0,-3.0,-5.399999999999999,-1.7400000000000013,
attn_mappo,Attn+MAPPO,2,-28.72709862428643,2.6620842246429524,939.8963982946283,0.8245614035087719,0.17543859649122806,0.0,12000.0,152.0,34.20000000000003,186.1999999999999,57.0,10.0,0.9844833333333334,0.9873333333333333,0.8303592671901023,0.8301617507136061,0.16960038058991436,0.9997621313035204,0.9997621313035204,0.0002378686964795433,0.00475,0.005810443565448712,0.9545722724650051,258.0,0.9545722724650051,0.9545722724650051,0.9545722724650051,0.16960038058991436,4203.0,3490.0,713.0,0.2693112889096356,-749.1271398527296,-19.66203408176073,444.69999999999413,872.5,133.87761508508257,-1.396499999999998,2.9537413563970607,0.06510810283212273,0.0,-149.45211042430745,-427.8000000000048,-201.90000000000194,0.0,-3.0,-2.9999999999999996,-1.4200000000000008,
attn_mappo,Attn+MAPPO,3,-29.7963623975682,2.638440773308088,939.2024784930395,0.76,0.24,0.0,12000.0,110.0,45.000000000000036,154.99999999999974,75.0,18.0,0.9870833333333333,0.9908333333333333,0.8317467872441694,0.8315488936473947,0.1682131810611468,0.9997620747085415,0.9997620747085415,0.00023792529145848205,0.00625,0.005594819768655449,0.9562211802749411,254.0,0.9562211802749411,0.9562211802749411,0.9562211802749411,0.1682131810611468,4202.0,3495.0,707.0,0.26872746165752204,-759.4602506575841,-19.974611519309022,449.54999999999734,873.75,132.36465413180505,-1.1624999999999968,3.4736527306945852,0.006276900936639862,0.0,-154.7321201906451,-424.20000000000465,-214.80000000000243,0.0,-2.0,-5.399999999999999,-1.7150000000000012,
han_pdqn,HAN+PDQN,1,-23.952476800372118,2.5344532323225297,404.32980370947433,0.7792378449408672,0.22076215505913271,0.0,12000.0,427.0,456.59999999999985,883.6000000000023,761.0,168.0,0.9263666666666664,0.9644166666666667,0.8380365188522646,0.8380365188522646,0.16196348114773534,1.0,1.0,0.0,0.06341666666666666,0.005928203111447252,0.9536729204567912,237.0,0.9536729204567912,0.9536729204567912,0.9536729204567912,0.16196348114773534,4217.0,3534.0,683.0,0.11441137626187729,-743.1759855626431,-9.187862579511972,473.69999999999595,883.5,130.88078428126812,-6.626999999999996,41.07409246272384,0.03081570340119022,0.0,-117.16295664025526,-409.8000000000041,-50.99999999999987,0.0,-3.0,-50.39999999999988,-17.824999999999925,
han_pdqn,HAN+PDQN,2,-29.09297006331072,2.6837881620206328,529.5961950427472,0.7780082987551867,0.22199170124481327,0.0,12000.0,308.0,289.19999999999925,597.2000000000007,482.0,107.0,0.9502333333333333,0.9743333333333334,0.8265524625267666,0.8263558515699334,0.17340627973358705,0.9997621313035204,0.9997621313035204,0.0002378686964795433,0.04016666666666667,0.00620115259104835,0.9515915324475787,304.0,0.9515915324475787,0.9515915324475787,0.9515915324475787,0.17340627973358705,4203.0,3474.0,729.0,0.15244565199848797,-755.4723385007786,-9.616117303234926,431.0999999999933,868.5,127.09426608549055,-4.4789999999999965,25.81250349968821,0.10739162274397437,0.0,-137.6512221007895,-437.40000000000515,-125.99999999999916,-1.5,-3.0,-31.200000000000053,-11.304999999999954,
han_pdqn,HAN+PDQN,3,-24.760356684757422,2.6198799855901207,494.1072603650054,0.7411167512690355,0.25888324873096447,0.002531645569620253,12000.0,258.0,236.39999999999912,494.4000000000017,394.0,102.0,0.9587999999999999,0.9785,0.8407142857142857,0.8401142041399001,0.15917201998572447,0.9992862241256245,0.9992862241256245,0.0007137758743754461,0.03283333333333333,0.00604402305357631,0.9527891885036377,328.0,0.9527891885036377,0.9527891885036377,0.9527891885036377,0.15917201998572447,4200.0,3531.0,669.0,0.13993408676437422,-752.8644251001803,-9.652694210845087,481.3499999999965,882.75,127.49862608510134,-3.70800000000001,18.743197692094427,0.010599203434307631,0.0,-120.37327841233613,-401.4000000000038,-126.89999999999915,-0.5,-1.0,-30.30000000000005,-8.785000000000004,
mappo_no_han,MAPPO,1,-26.71100658932746,2.5726210467000015,943.6736372793495,0.7272727272727273,0.2727272727272727,0.0,12000.0,166.0,33.00000000000003,198.99999999999983,55.0,15.0,0.9834166666666667,0.9861666666666666,0.8344794877875267,0.8344794877875267,0.16552051221247333,1.0,1.0,0.0,0.004583333333333333,0.005412997511220245,0.9576137662220384,243.0,0.9576137662220384,0.9576137662220384,0.9576137662220384,0.16552051221247333,4217.0,3519.0,698.0,0.26816528481936613,-745.9825334635241,-21.277821767456214,460.9499999999947,879.75,136.97322115619755,-1.4924999999999966,2.5362256917575485,0.0,0.0,-145.089438347272,-418.80000000000445,-183.30000000000123,0.0,-3.0,-4.499999999999999,-1.2000000000000008,
mappo_no_han,MAPPO,2,-30.854233480929306,2.681263712934209,1031.5971109264992,0.7843137254901961,0.21568627450980393,0.0,12000.0,151.0,30.60000000000003,181.59999999999988,51.0,11.0,0.9848666666666667,0.9874166666666667,0.8263145372353081,0.8261179828734538,0.1736441484300666,0.9997621313035204,0.9997621313035204,0.0002378686964795433,0.00425,0.005753103622386287,0.9550104883115661,242.0,0.9550104883115661,0.9550104883115661,0.9550104883115661,0.1736441484300666,4203.0,3473.0,730.0,0.2970334324579612,-751.1196536262655,-21.595206365557427,430.2499999999966,868.25,134.15053853907014,-1.3619999999999974,2.55452117380241,0.03310810542611686,0.0,-159.3659760927315,-438.0000000000052,-216.6000000000025,0.0,-3.0,-3.2999999999999994,-1.2050000000000007,
mappo_no_han,MAPPO,3,-32.7977552795106,2.6785903495822456,1031.201978087686,0.6896551724137931,0.3103448275862069,0.0,12000.0,119.0,34.80000000000004,153.79999999999976,58.0,18.0,0.9871833333333333,0.9900833333333333,0.8263145372353081,0.8263145372353081,0.17368546276469188,1.0,1.0,0.0,0.004833333333333334,0.005471335106910765,0.9571667396295471,247.0,0.9571667396295471,0.9571667396295471,0.9571667396295471,0.17368546276469188,4203.0,3473.0,730.0,0.296919659685484,-763.814378603396,-21.7812352444534,430.24999999999727,868.25,131.38536956922786,-1.1534999999999973,2.5525337305793343,0.0,0.0,-165.94397118991074,-438.0000000000052,-237.00000000000327,0.0,-2.0,-5.399999999999999,-1.2000000000000008,
maddpg,MADDPG,1,-20.997159861402192,2.545246664456174,387.167472997908,0.7560975609756098,0.24390243902439024,0.0,12000.0,440.0,73.80000000000003,513.800000000001,123.0,30.0,0.9571833333333333,0.9633333333333334,0.8333333333333334,0.8323452691486839,0.16646905382973678,0.9988143229784207,0.9988143229784207,0.0011856770215793219,0.01025,0.005950175077624195,0.9535052079896439,254.0,0.9535052079896439,0.9535052079896439,0.9535052079896439,0.16646905382973678,4212.0,3510.0,702.0,0.11030412336122736,-723.2324350021107,-8.76576417701988,456.2999999999953,877.5,131.03491402204088,-3.8535000000000026,5.601018178352897,0.029016792809781686,0.0,-119.89133899118812,-421.20000000000454,-68.6999999999997,0.0,-3.0,-9.0,-2.8049999999999966,
maddpg,MADDPG,2,-23.879471698883943,2.665089789915777,531.6499810242967,0.7733333333333333,0.22666666666666666,0.0,12000.0,177.0,45.00000000000006,221.99999999999986,75.0,17.0,0.9815,0.98525,0.8379343169919086,0.8375356803044719,0.161988582302569,0.9995242626070409,0.9995242626070409,0.0004757373929590866,0.00625,0.006221947582790381,0.9514331411380756,316.0,0.9514331411380756,0.9514331411380756,0.9514331411380756,0.161988582302569,4202.0,3521.0,681.0,0.15099403039599452,-751.9267377250924,-9.511977926222038,471.6499999999926,880.25,129.56924036285633,-1.6649999999999991,3.5069909423620764,0.032792601679737465,0.0,-132.20585766392813,-408.60000000000406,-144.89999999999978,0.0,-3.0,-5.099999999999999,-1.7550000000000012,
maddpg,MADDPG,3,-42.10508775152133,2.7637133791637054,528.8752625056201,0.7458432304038005,0.25415676959619954,0.0,12000.0,870.0,252.59999999999903,1122.599999999997,421.0,107.0,0.9064500000000002,0.9275,0.7886217567245893,0.788246490601951,0.21127765881513205,0.999524149417083,0.999524149417083,0.0004758505829169641,0.035083333333333334,0.005947125815240418,0.9535284813510001,311.0,0.9535284813510001,0.9535284813510001,0.9535284813510001,0.21127765881513205,4201.0,3313.0,888.0,0.1596363605510474,-733.7180388253304,-9.582795051273713,295.45000000000164,828.25,119.86694491408055,-8.419500000000028,19.672398005104306,0.031153843639870574,0.0,-168.9715273055878,-532.8000000000087,-153.3000000000001,0.0,-2.0,-32.10000000000005,-9.454999999999991,
pdqn,PDQN,1,-30.895400944945877,2.6202913418503413,465.79885174063656,0.7754077791718946,0.2245922208281054,0.0025031289111389237,12000.0,467.0,478.19999999999993,945.2000000000029,797.0,179.0,0.9212333333333331,0.9610833333333333,0.8237666034155597,0.8235712591889969,0.1761916054066872,0.9997628645956841,0.9997628645956841,0.00023713540431586437,0.06641666666666667,0.005825785762360579,0.9544550542862617,278.0,0.9544550542862617,0.9544550542862617,0.9544550542862617,0.1761916054066872,4216.0,3473.0,743.0,0.13412002641538628,-749.9130680423506,-9.408618524397289,422.4499999999964,868.25,127.86351098958664,-7.088999999999992,41.27206221249319,0.08450801462506471,0.0,-138.23302259283355,-445.80000000000547,-93.59999999999947,-1.0,-3.0,-53.09999999999985,-18.59999999999995,
pdqn,PDQN,2,-34.025688466655936,2.7113696188121548,516.2598007631753,0.7510148849797023,0.2489851150202977,0.0013513513513513514,12000.0,544.0,443.4000000000011,987.4000000000038,739.0,184.0,0.9177166666666663,0.9546666666666667,0.8182900690640629,0.8173168411037107,0.18149381541389153,0.9988106565176023,0.9988106565176023,0.0011893434823977164,0.06158333333333333,0.006326427326826616,0.9506377286743036,291.0,0.9506377286743036,0.9506377286743036,0.9506377286743036,0.18149381541389153,4199.0,3436.0,763.0,0.15025023305098234,-742.7048049193307,-9.25730990653456,401.1999999999941,859.0,125.53795834717478,-7.405499999999976,36.118458122352344,-0.0056533058333659465,0.0,-144.3785331016144,-457.8000000000059,-122.69999999999919,-0.5,-3.0,-54.899999999999835,-16.66499999999988,
pdqn,PDQN,3,-43.04109819834953,2.733498169095053,501.98324531410435,0.7504409171075838,0.2495590828924162,0.000881057268722467,12000.0,772.0,680.400000000001,1452.4000000000049,1134.0,283.0,0.8789666666666662,0.9356666666666666,0.7982853060252441,0.7975255769688318,0.2015227218653343,0.9990482988341661,0.9990482988341661,0.0009517011658339282,0.0945,0.005941251921428356,0.9535733151508358,304.0,0.9535733151508358,0.9535733151508358,0.9535733151508358,0.2015227218653343,4199.0,3352.0,847.0,0.14975633810086644,-741.1852956203356,-9.363659851632505,329.799999999996,838.0,121.07307109192402,-10.893000000000002,54.54798069870477,0.009246274357804247,0.0,-166.91992237542382,-508.20000000000783,-117.59999999999924,-2.5,-2.0,-83.39999999999957,-25.610000000000216,
min_distance,Min-Distance,1,-34.98425955367231,2.7432909198611064,635.5222329251176,0.6857142857142857,0.3142857142857143,0.0,12000.0,171.0,42.00000000000004,212.9999999999998,70.0,22.0,0.9822500000000001,0.98575,0.8193028219113113,0.8193028219113113,0.18069717808868865,1.0,1.0,0.0,0.005833333333333334,0.0058851162222068225,0.9540018871820877,347.0,0.9540018871820877,0.9540018871820877,0.9540018871820877,0.18069717808868865,4217.0,3455.0,762.0,0.18394275916790667,-777.5427506323311,-10.116264707112006,406.54999999999626,863.75,127.50095651460686,-1.5974999999999973,2.825983701419131,0.0,0.0,-167.2418192222656,-457.2000000000059,-238.2000000000033,0.0,-3.0,-6.599999999999998,-1.440000000000001,1.0
min_distance,Min-Distance,2,-39.27626244229628,2.839847698812851,712.8412203224882,0.8,0.2,0.0,12000.0,150.0,30.00000000000002,179.99999999999991,50.0,10.0,0.985,0.9875,0.8082322150844635,0.8080399619410086,0.1917221693625119,0.9997621313035204,0.9997621313035204,0.0002378686964795433,0.004166666666666667,0.005988942163867262,0.9532093682387771,355.0,0.9532093682387771,0.9532093682387771,0.9532093682387771,0.1917221693625119,4203.0,3397.0,806.0,0.2098443392176886,-782.6697106255781,-10.078425252814737,365.649999999995,849.25,124.97320682522395,-1.3499999999999983,2.361199825435109,0.03199999740600588,0.0,-183.63963504626312,-483.6000000000069,-267.3000000000044,0.0,-3.0,-2.9999999999999996,-1.2050000000000007,1.0
min_distance,Min-Distance,3,-37.71365358758844,2.7752862029093253,688.0848704780152,0.6507936507936508,0.3492063492063492,0.0,12000.0,114.0,37.80000000000004,151.79999999999978,63.0,22.0,0.9873500000000001,0.9905,0.8152820756962628,0.814894123245301,0.18463002617178206,0.999524149417083,0.999524149417083,0.0004758505829169641,0.00525,0.005955432818418826,0.953465079816112,342.0,0.953465079816112,0.953465079816112,0.953465079816112,0.18463002617178206,4201.0,3425.0,776.0,0.2009006921103694,-783.7045259889329,-10.52004357972746,390.6499999999969,856.25,125.19909479445685,-1.1384999999999974,2.4262740577964674,0.029508197182642783,0.0,-174.64348862148282,-465.6000000000062,-271.50000000000455,0.0,-2.0,-6.599999999999998,-1.2350000000000008,1.0
han_maddpg,HAN+MADDPG,1,-35.53741286101224,2.7329804812863188,554.2196769903346,0.7454545454545455,0.2545454545454545,0.0,12000.0,753.0,66.00000000000009,819.0000000000008,110.0,28.0,0.93175,0.93725,0.7941664690538297,0.7941664690538297,0.20583353094617027,1.0,1.0,0.0,0.009166666666666667,0.005787125167723343,0.9547504577180839,289.0,0.9547504577180839,0.9547504577180839,0.9547504577180839,0.20583353094617027,4217.0,3349.0,868.0,0.16548810898487148,-722.7176356060546,-10.568951372536617,316.4499999999996,837.25,124.16779136023767,-6.1425000000000125,4.982361702637352,0.016677233494497713,0.0,-163.77069880648008,-520.8000000000083,-122.99999999999919,0.0,-3.0,-8.399999999999999,-2.4749999999999996,
han_maddpg,HAN+MADDPG,2,-43.486716379122,2.8695780824512656,641.1425314355326,0.7523809523809524,0.24761904761904763,0.0,12000.0,840.0,63.000000000000085,903.0000000000006,105.0,26.0,0.92475,0.9299999999999999,0.7751605995717344,0.774976213130352,0.2247859181731684,0.9997621313035204,0.9997621313035204,0.0002378686964795433,0.00875,0.00588786006893421,0.9539809347161051,276.0,0.9539809347161051,0.9539809347161051,0.9539809347161051,0.2247859181731684,4203.0,3258.0,945.0,0.1967902183657252,-731.3996460269888,-10.38379415517197,247.5000000000042,814.5,120.64935697758155,-6.772499999999992,4.739430411969828,0.03430343827770405,0.0,-203.08509365877634,-567.00000000001,-148.49999999999991,0.0,-3.0,-7.799999999999997,-2.389999999999999,
han_maddpg,HAN+MADDPG,3,-49.297526519037454,2.9264369283654483,708.2930931407609,0.7006802721088435,0.29931972789115646,0.0,12000.0,964.0,88.19999999999996,1052.2000000000007,147.0,44.0,0.9123166666666667,0.9196666666666666,0.7554128003806805,0.7554128003806805,0.24458719961931955,1.0,1.0,0.0,0.01225,0.005809499903373236,0.9545794827356477,266.0,0.9545794827356477,0.9545794827356477,0.9545794827356477,0.24458719961931955,4203.0,3175.0,1028.0,0.22308443878449163,-740.8221278428267,-11.26634011592371,176.95000000000454,793.75,115.64476835031704,-7.891500000000001,6.467742309056943,0.015219768157483249,0.0,-226.41127920580797,-616.8000000000119,-130.49999999999923,0.0,-2.0,-13.20000000000001,-3.104999999999995,
random,Random,1,-131.4664427745805,3.0523935512086844,363.4753153486449,0.7542548775425488,0.24574512245745123,0.0009676527508985347,12000.0,3018.0,4336.199999999998,7354.2000000000035,7227.0,1776.0,0.38714999999999966,0.7484999999999999,0.674264007597341,0.6734645482570548,0.3253497747213659,0.9988143229784207,0.9988143229784207,0.0011856770215793219,0.60225,0.005872748840713906,0.9540963321235133,250.0,0.9540963321235133,0.9540963321235133,0.9540963321235133,0.3253497747213659,4212.0,2840.0,1372.0,0.12798426596783272,-801.3944055282759,-7.099418934055386,-113.19999999999536,710.0,97.19223853316906,-55.15650000000021,342.87813069483724,0.6921159385957638,0.0,-279.06951158636394,-823.2000000000197,-62.69999999999976,-10.5,-2.0,-526.5000000000115,-164.2500000000049,1.0
random,Random,2,-138.48191330707206,3.202076273983503,446.2350544643853,0.7361628907370232,0.26383710926297677,0.0010027216731127346,12000.0,3242.0,4184.399999999995,7426.400000000002,6974.0,1840.0,0.3811333333333331,0.7298333333333333,0.6655550262029538,0.6646051379638439,0.3339676498572788,0.9985727878211227,0.9985727878211227,0.0014272121788772598,0.5811666666666667,0.006080300674560409,0.9525125465836785,303.0,0.9525125465836785,0.9525125465836785,0.9525125465836785,0.3339676498572788,4198.0,2794.0,1404.0,0.15971190209892103,-803.363063067742,-7.093157841327396,-143.89999999999736,698.5,94.23292798558514,-55.698000000000015,324.91394711671086,0.7091098130293598,0.0,-308.7436713466028,-842.4000000000204,-101.69999999999939,-10.5,-2.0,-545.7000000000086,-154.87500000000446,1.0
random,Random,3,-140.55531841183384,3.1448123851691774,449.97985055791366,0.7357706093189964,0.2642293906810036,0.0010025780578630766,12000.0,3156.0,4184.999999999999,7341.000000000001,6975.0,1843.0,0.3882499999999999,0.737,0.6584784164082995,0.656911729716869,0.34070901736854625,0.9976207470854151,0.9976207470854151,0.0023792529145848203,0.58125,0.005870871856576559,0.9541106667282757,300.0,0.9541106667282757,0.9541106667282757,0.9541106667282757,0.34070901736854625,4193.0,2761.0,1432.0,0.16297712805429687,-814.4337403270139,-7.055936306954098,-168.94999999999413,690.25,93.67423439035865,-55.05750000000024,322.84566621630415,0.42744800385198534,0.0,-315.65223312094764,-859.2000000000211,-110.09999999999931,-7.5,-1.0,-548.4000000000082,-154.7500000000045,1.0
joint_greedy,Joint Greedy,1,-104.14231124115717,4.153442290845877,2019.7558454724845,0.75,0.25,0.0,12000.0,890.0,28.80000000000002,918.8000000000002,48.0,12.0,0.9234333333333333,0.9258333333333333,0.5693950177935944,0.5691249703580744,0.4304007588332938,0.9995257291913683,0.9995257291913683,0.00047427080863172874,0.004,0.0,0.0,0.0,0.0,0.0,0.0,0.4304007588332938,4215.0,2400.0,1815.0,0.8415649356135352,-933.8262722955733,-21.17993461377088,-489.0000000000153,600.0,84.38674633514621,-6.890999999999961,2.2838458910554658,0.0,0.0,-580.0106101400039,-1089.0000000000175,0.0,0.0,-3.0,-3.599999999999999,-1.0800000000000007,
joint_greedy,Joint Greedy,2,-111.23627539067802,4.34287903238106,2153.1547241339836,0.8260869565217391,0.17391304347826086,0.0,12000.0,640.0,27.60000000000002,667.6000000000003,46.0,8.0,0.9443666666666667,0.9466666666666667,0.5509281294621609,0.5506660323501428,0.4488582302568982,0.9995242626070409,0.9995242626070409,0.0004757373929590866,0.003833333333333333,0.0,0.0,0.0,0.0,0.0,0.0,0.4488582302568982,4202.0,2315.0,1887.0,0.9300884337511808,-980.1796574234864,-20.2042811321219,-553.4500000000168,578.75,83.12536345313569,-5.006999999999975,2.430073840435945,0.0,0.0,-651.7069816156346,-1132.200000000011,0.0,0.0,-3.0,-2.4,-1.1400000000000008,
joint_greedy,Joint Greedy,3,-100.92671587554133,4.158190475569873,2078.594806472636,0.723404255319149,0.2765957446808511,0.0,12000.0,522.0,28.200000000000024,550.2000000000004,47.0,13.0,0.9541499999999999,0.9565,0.5830556877677296,0.582916964073281,0.41684511063526053,0.9997620747085415,0.9997620747085415,0.00023792529145848205,0.003916666666666666,0.0,0.0,0.0,0.0,0.0,0.0,0.41684511063526053,4202.0,2450.0,1752.0,0.8484060434582187,-965.6122624201572,-21.469150928079788,-438.7000000000104,612.5,87.36335403747422,-4.126499999999964,2.1810356103278923,0.0,0.0,-594.0372599735625,-1051.2000000000232,0.0,0.0,-2.0,-3.899999999999999,-1.0200000000000007,
full_local,Full-Local,1,-107.17461218200384,4.153134795091314,1958.7504696155775,0.75,0.25,0.0,12000.0,1199.0,26.400000000000013,1225.4000000000003,44.0,11.0,0.8978833333333334,0.9000833333333333,0.5572174738841406,0.5565567939293337,0.44225752904908705,0.9988143229784207,0.9988143229784207,0.0011856770215793219,0.0036666666666666666,0.0,0.0,0.0,0.0,0.0,0.0,0.44225752904908705,4212.0,2347.0,1865.0,0.8345762546295601,-907.9327794724002,-20.695175432489613,-532.2500000000164,586.75,82.56327582615491,-9.190500000000034,2.139210606854819,0.0,0.0,-578.2198660507395,-1119.000000000013,0.0,0.0,-3.0,-3.2999999999999994,-0.9900000000000007,
full_local,Full-Local,2,-112.06244849199894,4.346636552630556,2143.5275197001197,0.8222222222222222,0.17777777777777778,0.0,12000.0,706.0,27.00000000000002,733.0000000000002,45.0,8.0,0.9389166666666666,0.9411666666666667,0.5474886931682933,0.5470980019029495,0.4521883920076118,0.9992863939105614,0.9992863939105614,0.0007136060894386299,0.00375,0.0,0.0,0.0,0.0,0.0,0.0,0.4521883920076118,4201.0,2300.0,1901.0,0.931968486826139,-974.3746444966141,-20.103480682397873,-565.6000000000172,575.0,82.57487718827943,-5.497499999999993,2.387514103351676,0.0,0.0,-651.6132110167088,-1140.6000000000097,0.0,0.0,-3.0,-2.4,-1.1100000000000008,
full_local,Full-Local,3,-104.86113994550375,4.1685582381834765,2022.9720052665505,0.75,0.25,0.0,12000.0,823.0,26.40000000000002,849.4000000000004,44.0,11.0,0.9292166666666666,0.9314166666666667,0.5668016194331984,0.5662621936711872,0.43278610516297883,0.9990482988341661,0.9990482988341661,0.0009517011658339282,0.0036666666666666666,0.0,0.0,0.0,0.0,0.0,0.0,0.43278610516297883,4199.0,2380.0,1819.0,0.849988237506954,-938.9343422432115,-20.86116395981719,-496.40000000001316,595.0,84.82578931932652,-6.370499999999968,2.127350277138437,0.0,0.0,-594.2804323035099,-1091.4000000000171,0.0,0.0,-2.0,-3.2999999999999994,-0.9900000000000007,
