num_users,method,display_name,seed_count,active_load_balance_score,active_load_balance_score_ci_low,active_load_balance_score_ci_high,active_mec_load_fairness,active_mec_load_fairness_ci_low,active_mec_load_fairness_ci_high,avg_delay,avg_delay_ci_low,avg_delay_ci_high,avg_load_balance_score,avg_load_balance_score_ci_low,avg_load_balance_score_ci_high,avg_success_delay,avg_success_delay_ci_low,avg_success_delay_ci_high,avg_success_delay_sample_count,blocked_time_ratio,blocked_time_ratio_ci_low,blocked_time_ratio_ci_high,blocked_user_seconds,blocked_user_seconds_ci_low,blocked_user_seconds_ci_high,completed_tasks,completed_tasks_ci_low,completed_tasks_ci_high,deadline_violation_rate,deadline_violation_rate_ci_low,deadline_violation_rate_ci_high,deadline_violations,deadline_violations_ci_low,deadline_violations_ci_high,energy_per_resolved_task,energy_per_resolved_task_ci_low,energy_per_resolved_task_ci_high,energy_per_successful_task,energy_per_successful_task_ci_low,energy_per_successful_task_ci_high,energy_per_successful_task_sample_count,episodes,episodes_ci_low,episodes_ci_high,failed_handovers,failed_handovers_ci_low,failed_handovers_ci_high,failed_tasks,failed_tasks_ci_low,failed_tasks_ci_high,forced_termination_rate,forced_termination_rate_ci_low,forced_termination_rate_ci_high,handover_aborted,handover_aborted_ci_low,handover_aborted_ci_high,handover_action_rate,handover_action_rate_ci_low,handover_action_rate_ci_high,handover_attempts,handover_attempts_ci_low,handover_attempts_ci_high,handover_committed,handover_committed_ci_low,handover_committed_ci_high,handover_failure_rate,handover_failure_rate_ci_low,handover_failure_rate_ci_high,handover_frequency,handover_frequency_ci_low,handover_frequency_ci_high,handover_interruption_seconds,handover_interruption_seconds_ci_low,handover_interruption_seconds_ci_high,handover_radio_failures,handover_radio_failures_ci_low,handover_radio_failures_ci_high,handover_success_rate,handover_success_rate_ci_low,handover_success_rate_ci_high,handovers_per_user_minute,handovers_per_user_minute_ci_low,handovers_per_user_minute_ci_high,is_system,jain_mec_load_fairness,jain_mec_load_fairness_ci_low,jain_mec_load_fairness_ci_high,load_balance_coefficient,load_balance_coefficient_ci_low,load_balance_coefficient_ci_high,load_balance_variance,load_balance_variance_ci_low,load_balance_variance_ci_high,load_variance_sample_count,load_variance_sample_count_ci_low,load_variance_sample_count_ci_high,local_compute_rate,local_compute_rate_ci_low,local_compute_rate_ci_high,mean_offload_ratio,mean_offload_ratio_ci_low,mean_offload_ratio_ci_high,mean_reward,mean_reward_ci_low,mean_reward_ci_high,mec_load_fairness,mec_load_fairness_ci_low,mec_load_fairness_ci_high,method_variant,migration_rejections,migration_rejections_ci_low,migration_rejections_ci_high,p95_success_delay,p95_success_delay_ci_low,p95_success_delay_ci_high,p95_success_delay_sample_count,penalty_delay,penalty_delay_ci_low,penalty_delay_ci_high,penalty_energy,penalty_energy_ci_low,penalty_energy_ci_high,penalty_failed_handover,penalty_failed_handover_ci_low,penalty_failed_handover_ci_high,penalty_service_interruption,penalty_service_interruption_ci_low,penalty_service_interruption_ci_high,penalty_task_failure,penalty_task_failure_ci_low,penalty_task_failure_ci_high,pending_task_rate,pending_task_rate_ci_low,pending_task_rate_ci_high,pending_tasks,pending_tasks_ci_low,pending_tasks_ci_high,primary_metric_win_count,primary_metric_win_count_ci_low,primary_metric_win_count_ci_high,primary_metric_wins_text,reachable_jain_mec_load_fairness,reachable_jain_mec_load_fairness_ci_low,reachable_jain_mec_load_fairness_ci_high,reconnection_attempts,reconnection_attempts_ci_low,reconnection_attempts_ci_high,reconnections,reconnections_ci_low,reconnections_ci_high,resolved_tasks,resolved_tasks_ci_low,resolved_tasks_ci_high,reward_load_balance,reward_load_balance_ci_low,reward_load_balance_ci_high,reward_task_success,reward_task_success_ci_low,reward_task_success_ci_high,selected_offload,selection_metric,selection_score,selection_score_ci_low,selection_score_ci_high,service_availability_rate,service_availability_rate_ci_low,service_availability_rate_ci_high,service_continuity_rate,service_continuity_rate_ci_low,service_continuity_rate_ci_high,service_interruption_seconds,service_interruption_seconds_ci_low,service_interruption_seconds_ci_high,source,std_reward,std_reward_ci_low,std_reward_ci_high,task_completion_rate,task_completion_rate_ci_low,task_completion_rate_ci_high,task_failure_rate,task_failure_rate_ci_low,task_failure_rate_ci_high,task_resolution_rate,task_resolution_rate_ci_low,task_resolution_rate_ci_high,task_settlement_rate,task_settlement_rate_ci_low,task_settlement_rate_ci_high,task_success_rate,task_success_rate_ci_low,task_success_rate_ci_high,total_energy,total_energy_ci_low,total_energy_ci_high,total_handovers,total_handovers_ci_low,total_handovers_ci_high,total_tasks,total_tasks_ci_low,total_tasks_ci_high,total_user_seconds,total_user_seconds_ci_low,total_user_seconds_ci_high,training_history,selected_offload_ci_low,selected_offload_ci_high
30,han_mappo_latency_priority_multiuser_u30,HAN+MAPPO,1,0.6320701962385163,0.6320701962385163,0.6320701962385163,0.869249104861115,0.869249104861115,0.869249104861115,2.8983673477181524,2.8983673477181524,2.8983673477181524,0.6320701962385163,0.6320701962385163,0.6320701962385163,2.0513559533670245,2.0513559533670245,2.0513559533670245,1,0.02299479166666667,0.02299479166666667,0.02299479166666667,353.2,353.2,353.2,4361.4,4361.4,4361.4,0.17927686448879832,0.17927686448879832,0.17927686448879832,956.6,956.6,956.6,1.368293751171663,1.368293751171663,1.368293751171663,1.6710413711745646,1.6710413711745646,1.6710413711745646,1,5.0,5.0,5.0,0.0,0.0,0.0,8.4,8.4,8.4,0.45991193522883667,0.45991193522883667,0.45991193522883667,0.0,0.0,0.0,0.004466145833333333,0.004466145833333333,0.004466145833333333,37.2,37.2,37.2,37.2,37.2,37.2,0.0,0.0,0.0,0.002421875,0.002421875,0.002421875,41.16000151634216,41.16000151634216,41.16000151634216,0.0,0.0,0.0,1.0,1.0,1.0,0.1453125,0.1453125,0.1453125,True,0.8481310431307078,0.8481310431307078,0.8481310431307078,0.6320701962385163,0.6320701962385163,0.6320701962385163,0.05635937176744342,0.05635937176744342,0.05635937176744342,2560.0,2560.0,2560.0,0.7031770833333333,0.7031770833333333,0.7031770833333333,0.2185756415128708,0.2185756415128708,0.2185756415128708,59.667246096461895,59.667246096461895,59.667246096461895,0.6320701962385163,0.6320701962385163,0.6320701962385163,,0.0,0.0,0.0,4.340773430747813,4.340773430747813,4.340773430747813,1,-43.51816025301084,-43.51816025301084,-43.51816025301084,-27.79648408420847,-27.79648408420847,-27.79648408420847,0.0,0.0,0.0,-3.943600152619183,-3.943600152619183,-3.943600152619183,-32.16666666666718,-32.16666666666718,-32.16666666666718,0.0015759657617033644,0.0015759657617033644,0.0015759657617033644,8.4,8.4,8.4,0.0,0.0,0.0,,0.8481310431307078,0.8481310431307078,0.8481310431307078,31.4,31.4,31.4,31.4,31.4,31.4,5326.4,5326.4,5326.4,21.71215470414622,21.71215470414622,21.71215470414622,145.37999999999434,145.37999999999434,145.37999999999434,,reward,59.667246096461895,59.667246096461895,59.667246096461895,0.9770052083333335,0.9770052083333335,0.9770052083333335,0.974325520793597,0.974325520793597,0.974325520793597,394.36000061035156,394.36000061035156,394.36000061035156,checkpoint_eval,8.185720673707971,8.185720673707971,8.185720673707971,0.8188705812219969,0.8188705812219969,0.8188705812219969,0.18085385451491853,0.18085385451491853,0.18085385451491853,0.9984240342382966,0.9984240342382966,0.9984240342382966,0.9984240342382966,0.9984240342382966,0.9984240342382966,0.8175701797233781,0.8175701797233781,0.8175701797233781,7288.079836240746,7288.079836240746,7288.079836240746,37.2,37.2,37.2,5334.8,5334.8,5334.8,15360.0,15360.0,15360.0,/home/pjpjq/LEO_switch/results/full_train_latency_priority_multiuser_u30_multiuser_single_seed_150k_20260804/training_history.json,,
30,han_pdqn,HAN+PDQN,1,0.5562289634417407,0.5562289634417407,0.5562289634417407,0.6252652255195611,0.6252652255195611,0.6252652255195611,1.9924188229505304,1.9924188229505304,1.9924188229505304,0.5562289634417407,0.5562289634417407,0.5562289634417407,1.7714850866005374,1.7714850866005374,1.7714850866005374,1,0.022239583333333333,0.022239583333333333,0.022239583333333333,341.6,341.6,341.6,4964.2,4964.2,4964.2,0.06804466120831464,0.06804466120831464,0.06804466120831464,363.2,363.2,363.2,1.1255711717689134,1.1255711717689134,1.1255711717689134,1.2085118136916944,1.2085118136916944,1.2085118136916944,1,5.0,5.0,5.0,0.0,0.0,0.0,2.6,2.6,2.6,0.1399203873655512,0.1399203873655512,0.1399203873655512,0.0,0.0,0.0,0.01,0.01,0.01,134.8,134.8,134.8,134.8,134.8,134.8,0.0,0.0,0.0,0.008776041666666666,0.008776041666666666,0.008776041666666666,92.16000328063964,92.16000328063964,92.16000328063964,0.0,0.0,0.0,1.0,1.0,1.0,0.5265625,0.5265625,0.5265625,False,0.7169684655772132,0.7169684655772132,0.7169684655772132,0.5562289634417407,0.5562289634417407,0.5562289634417407,0.07128948358229044,0.07128948358229044,0.07128948358229044,2520.0,2520.0,2520.0,0.45239583333333333,0.45239583333333333,0.45239583333333333,0.5354549884796143,0.5354549884796143,0.5354549884796143,94.06817252899054,94.06817252899054,94.06817252899054,0.5562289634417407,0.5562289634417407,0.5562289634417407,,0.0,0.0,0.0,4.055915582217901,4.055915582217901,4.055915582217901,1,-43.13021706684638,-43.13021706684638,-43.13021706684638,-29.81480294320911,-29.81480294320911,-29.81480294320911,0.0,0.0,0.0,-4.337600158341229,-4.337600158341229,-4.337600158341229,-12.193333333333301,-12.193333333333301,-12.193333333333301,0.000898518795321849,0.000898518795321849,0.000898518795321849,4.8,4.8,4.8,5.0,5.0,5.0,Successful-Task Delay | P95 Successful-Task Delay | Task Success | Deadline Violation | Energy per Successful Task,0.7169684655772132,0.7169684655772132,0.7169684655772132,18.8,18.8,18.8,18.8,18.8,18.8,5330.0,5330.0,5330.0,18.0707890644759,18.0707890644759,18.0707890644759,165.4733333333265,165.4733333333265,165.4733333333265,,reward,94.06817252899054,94.06817252899054,94.06817252899054,0.9777604166666667,0.9777604166666667,0.9777604166666667,0.9717604166377957,0.9717604166377957,0.9717604166377957,433.7600004434586,433.7600004434586,433.7600004434586,han_pdqn_train_eval,4.833247265772679,4.833247265772679,4.833247265772679,0.931405385524607,0.931405385524607,0.931405385524607,0.06853294999842965,0.06853294999842965,0.06853294999842965,0.9991014812046781,0.9991014812046781,0.9991014812046781,0.9991014812046781,0.9991014812046781,0.9991014812046781,0.9305685312062485,0.9305685312062485,0.9305685312062485,5999.294345528308,5999.294345528308,5999.294345528308,134.8,134.8,134.8,5334.8,5334.8,5334.8,15360.0,15360.0,15360.0,/home/pjpjq/LEO_switch/results/baseline_compare/multiuser_scaling_multiuser_single_seed_150k_20260804/u30/learned_baselines/han_pdqn/training_history.json,,
30,pdqn,PDQN,1,0.45513115019883144,0.45513115019883144,0.45513115019883144,0.4507296542696479,0.4507296542696479,0.4507296542696479,2.142471116661988,2.142471116661988,2.142471116661988,0.45513115019883144,0.45513115019883144,0.45513115019883144,1.8228680520632499,1.8228680520632499,1.8228680520632499,1,0.022578125,0.022578125,0.022578125,346.8,346.8,346.8,4810.2,4810.2,4810.2,0.09650017413941027,0.09650017413941027,0.09650017413941027,515.0,515.0,515.0,1.183749340949908,1.183749340949908,1.183749340949908,1.3114708302753002,1.3114708302753002,1.3114708302753002,1,5.0,5.0,5.0,40.0,40.0,40.0,4.0,4.0,4.0,0.17200354274099444,0.17200354274099444,0.17200354274099444,40.0,40.0,40.0,0.013385416666666667,0.013385416666666667,0.013385416666666667,181.6,181.6,181.6,141.6,141.6,141.6,0.21228472003854595,0.21228472003854595,0.21228472003854595,0.00921875,0.00921875,0.00921875,98.64000360965728,98.64000360965728,98.64000360965728,41.2,41.2,41.2,0.7877152799614541,0.7877152799614541,0.7877152799614541,0.553125,0.553125,0.553125,False,0.6449177583188268,0.6449177583188268,0.6449177583188268,0.45513115019883144,0.45513115019883144,0.45513115019883144,0.0936116393575103,0.0936116393575103,0.0936116393575103,2390.0,2390.0,2390.0,0.6797005208333333,0.6797005208333333,0.6797005208333333,0.3101304769515991,0.3101304769515991,0.3101304769515991,81.4628550467547,81.4628550467547,81.4628550467547,0.45513115019883144,0.45513115019883144,0.45513115019883144,,0.0,0.0,0.0,4.240141360212496,4.240141360212496,4.240141360212496,1,-42.75741182278852,-42.75741182278852,-42.75741182278852,-29.554092475843323,-29.554092475843323,-29.554092475843323,-0.2746666666666666,-0.2746666666666666,-0.2746666666666666,-4.454400162585079,-4.454400162585079,-4.454400162585079,-17.300000000000043,-17.300000000000043,-17.300000000000043,0.0010494693935476005,0.0010494693935476005,0.0010494693935476005,5.6,5.6,5.6,0.0,0.0,0.0,,0.6449177583188268,0.6449177583188268,0.6449177583188268,24.0,24.0,24.0,22.8,22.8,22.8,5329.2,5329.2,5329.2,15.46342347950789,15.46342347950789,15.46342347950789,160.33999999999347,160.33999999999347,160.33999999999347,,reward,81.4628550467547,81.4628550467547,81.4628550467547,0.9774218749999999,0.9774218749999999,0.9774218749999999,0.9709999999885136,0.9709999999885136,0.9709999999885136,445.44000017642975,445.44000017642975,445.44000017642975,pdqn_train_eval,2.484513880352266,2.484513880352266,2.484513880352266,0.9026453903080425,0.9026453903080425,0.9026453903080425,0.09725162848253874,0.09725162848253874,0.09725162848253874,0.9989505306064524,0.9989505306064524,0.9989505306064524,0.9989505306064524,0.9989505306064524,0.9989505306064524,0.9016989021239137,0.9016989021239137,0.9016989021239137,6308.436987790249,6308.436987790249,6308.436987790249,181.6,181.6,181.6,5334.8,5334.8,5334.8,15360.0,15360.0,15360.0,/home/pjpjq/LEO_switch/results/baseline_compare/multiuser_scaling_multiuser_single_seed_150k_20260804/u30/learned_baselines/pdqn/training_history.json,,
30,attn_mappo,Attn+MAPPO,1,0.5814198639180532,0.5814198639180532,0.5814198639180532,0.8061229786300954,0.8061229786300954,0.8061229786300954,2.8214101009828867,2.8214101009828867,2.8214101009828867,0.5814198639180532,0.5814198639180532,0.5814198639180532,1.9902042987893012,1.9902042987893012,1.9902042987893012,1,0.022955729166666668,0.022955729166666668,0.022955729166666668,352.6,352.6,352.6,4390.4,4390.4,4390.4,0.17401202907250204,0.17401202907250204,0.17401202907250204,928.6,928.6,928.6,1.406796341259524,1.406796341259524,1.406796341259524,1.7069069127845948,1.7069069127845948,1.7069069127845948,1,5.0,5.0,5.0,0.0,0.0,0.0,8.0,8.0,8.0,0.440785253088284,0.440785253088284,0.440785253088284,0.0,0.0,0.0,0.0047265625,0.0047265625,0.0047265625,41.8,41.8,41.8,41.8,41.8,41.8,0.0,0.0,0.0,0.0027213541666666666,0.0027213541666666666,0.0027213541666666666,43.560001730918884,43.560001730918884,43.560001730918884,0.0,0.0,0.0,1.0,1.0,1.0,0.16328125,0.16328125,0.16328125,False,0.8115899836903239,0.8115899836903239,0.8115899836903239,0.5814198639180532,0.5814198639180532,0.5814198639180532,0.06617156923855945,0.06617156923855945,0.06617156923855945,2558.0,2558.0,2558.0,0.759609375,0.759609375,0.759609375,0.16489537060260773,0.16489537060260773,0.16489537060260773,60.22620500919002,60.22620500919002,60.22620500919002,0.5814198639180532,0.5814198639180532,0.5814198639180532,,0.0,0.0,0.0,4.327160273229119,4.327160273229119,4.327160273229119,1,-42.583384601540615,-42.583384601540615,-42.583384601540615,-29.11558742214557,-29.11558742214557,-29.11558742214557,0.0,0.0,0.0,-3.961600149795413,-3.961600149795413,-3.961600149795413,-31.22000000000055,-31.22000000000055,-31.22000000000055,0.0014631113842109046,0.0014631113842109046,0.0014631113842109046,7.8,7.8,7.8,0.0,0.0,0.0,,0.8115899836903239,0.8115899836903239,0.8115899836903239,30.8,30.8,30.8,30.8,30.8,30.8,5327.0,5327.0,5327.0,20.76010809989599,20.76010809989599,20.76010809989599,146.34666666666095,146.34666666666095,146.34666666666095,,reward,60.22620500919002,60.22620500919002,60.22620500919002,0.9770442708333332,0.9770442708333332,0.9770442708333332,0.9742083332935969,0.9742083332935969,0.9742083332935969,396.1600006103516,396.1600006103516,396.1600006103516,attn_mappo_train_eval,7.169613710073336,7.169613710073336,7.169613710073336,0.8242382281995763,0.8242382281995763,0.8242382281995763,0.1755111696578334,0.1755111696578334,0.1755111696578334,0.9985368886157892,0.9985368886157892,0.9985368886157892,0.9985368886157892,0.9985368886157892,0.9985368886157892,0.8230257189579557,0.8230257189579557,0.8230257189579557,7494.004109889484,7494.004109889484,7494.004109889484,41.8,41.8,41.8,5334.8,5334.8,5334.8,15360.0,15360.0,15360.0,/home/pjpjq/LEO_switch/results/baseline_compare/multiuser_scaling_multiuser_single_seed_150k_20260804/u30/learned_baselines/attn_mappo/training_history.json,,
30,mappo_no_han,MAPPO,1,0.5889531571484038,0.5889531571484038,0.5889531571484038,0.8148461409939907,0.8148461409939907,0.8148461409939907,2.9013402820875536,2.9013402820875536,2.9013402820875536,0.5889531571484038,0.5889531571484038,0.5889531571484038,2.027136838097198,2.027136838097198,2.027136838097198,1,0.022825520833333335,0.022825520833333335,0.022825520833333335,350.6,350.6,350.6,4346.2,4346.2,4346.2,0.18221033865522315,0.18221033865522315,0.18221033865522315,972.4,972.4,972.4,1.3556696277655036,1.3556696277655036,1.3556696277655036,1.6613518870288124,1.6613518870288124,1.6613518870288124,1,5.0,5.0,5.0,0.0,0.0,0.0,7.6,7.6,7.6,0.409165916051162,0.409165916051162,0.409165916051162,0.0,0.0,0.0,0.004830729166666666,0.004830729166666666,0.004830729166666666,45.0,45.0,45.0,45.0,45.0,45.0,0.0,0.0,0.0,0.0029296875,0.0029296875,0.0029296875,44.52000150680542,44.52000150680542,44.52000150680542,0.0,0.0,0.0,1.0,1.0,1.0,0.17578125,0.17578125,0.17578125,False,0.8179245629457617,0.8179245629457617,0.8179245629457617,0.5889531571484038,0.5889531571484038,0.5889531571484038,0.06467258663390629,0.06467258663390629,0.06467258663390629,2559.0,2559.0,2559.0,0.7601432291666667,0.7601432291666667,0.7601432291666667,0.18929162621498108,0.18929162621498108,0.18929162621498108,58.788018135083256,58.788018135083256,58.788018135083256,0.5889531571484038,0.5889531571484038,0.5889531571484038,,0.0,0.0,0.0,4.302058214207824,4.302058214207824,4.302058214207824,1,-42.909831436603895,-42.909831436603895,-42.909831436603895,-27.4887461070918,-27.4887461070918,-27.4887461070918,0.0,0.0,0.0,-3.951200158894062,-3.951200158894062,-3.951200158894062,-32.66666666666718,-32.66666666666718,-32.66666666666718,0.0016131659985904809,0.0016131659985904809,0.0016131659985904809,8.6,8.6,8.6,0.0,0.0,0.0,,0.8179245629457617,0.8179245629457617,0.8179245629457617,29.2,29.2,29.2,29.2,29.2,29.2,5326.2,5326.2,5326.2,20.93112649233335,20.93112649233335,20.93112649233335,144.8733333333277,144.8733333333277,144.8733333333277,,reward,58.788018135083256,58.788018135083256,58.788018135083256,0.9771744791666667,0.9771744791666667,0.9771744791666667,0.9742760416275511,0.9742760416275511,0.9742760416275511,395.1200006008148,395.1200006008148,395.1200006008148,mappo_no_han_train_eval,8.314504387790475,8.314504387790475,8.314504387790475,0.8160729347634236,0.8160729347634236,0.8160729347634236,0.1836361671714825,0.1836361671714825,0.1836361671714825,0.9983868340014096,0.9983868340014096,0.9983868340014096,0.9983868340014096,0.9983868340014096,0.9983868340014096,0.8147506668299271,0.8147506668299271,0.8147506668299271,7220.567571404625,7220.567571404625,7220.567571404625,45.0,45.0,45.0,5334.8,5334.8,5334.8,15360.0,15360.0,15360.0,/home/pjpjq/LEO_switch/results/baseline_compare/multiuser_scaling_multiuser_single_seed_150k_20260804/u30/learned_baselines/mappo_no_han/training_history.json,,
30,joint_greedy,Joint Greedy,1,0.6793004049502667,0.6793004049502667,0.6793004049502667,0.8733471298363312,0.8733471298363312,0.8733471298363312,3.3013002199159063,3.3013002199159063,3.3013002199159063,0.6793004049502667,0.6793004049502667,0.6793004049502667,2.2919597212989,2.2919597212989,2.2919597212989,1,0.022747395833333333,0.022747395833333333,0.022747395833333333,349.4,349.4,349.4,3849.2,3849.2,3849.2,0.2762382877253713,0.2762382877253713,0.2762382877253713,1474.2,1474.2,1474.2,1.4741911057581731,1.4741911057581731,1.4741911057581731,2.0401683519624307,2.0401683519624307,2.0401683519624307,1,5.0,5.0,5.0,0.0,0.0,0.0,3.6,3.6,3.6,0.09663169007335752,0.09663169007335752,0.09663169007335752,0.0,0.0,0.0,0.013346354166666666,0.013346354166666666,0.013346354166666666,187.0,187.0,187.0,187.0,187.0,187.0,0.0,0.0,0.0,0.012174479166666667,0.012174479166666667,0.012174479166666667,123.00000486373901,123.00000486373901,123.00000486373901,0.0,0.0,0.0,1.0,1.0,1.0,0.73046875,0.73046875,0.73046875,False,0.8592924324618549,0.8592924324618549,0.8592924324618549,0.6793004049502667,0.6793004049502667,0.6793004049502667,0.047743035448626445,0.047743035448626445,0.047743035448626445,2560.0,2560.0,2560.0,0.8273697916666667,0.8273697916666667,0.8273697916666667,0.17085611820220947,0.17085611820220947,0.17085611820220947,31.21776964928058,31.21776964928058,31.21776964928058,0.6793004049502667,0.6793004049502667,0.6793004049502667,,0.0,0.0,0.0,4.951837997123533,4.951837997123533,4.951837997123533,1,-44.37170403900759,-44.37170403900759,-44.37170403900759,-20.731080663947935,-20.731080663947935,-20.731080663947935,0.0,0.0,0.0,-4.724000158160925,-4.724000158160925,-4.724000158160925,-49.25999999999976,-49.25999999999976,-49.25999999999976,0.0014627367779627128,0.0014627367779627128,0.0014627367779627128,7.8,7.8,7.8,0.0,0.0,0.0,,0.8592924324618549,0.8592924324618549,0.8592924324618549,18.0,18.0,18.0,18.0,18.0,18.0,5327.0,5327.0,5327.0,21.997886271023564,21.997886271023564,21.997886271023564,128.30666666666195,128.30666666666195,128.30666666666195,,reward,31.21776964928058,31.21776964928058,31.21776964928058,0.9772526041666667,0.9772526041666667,0.9772526041666667,0.9692447916418313,0.9692447916418313,0.9692447916418313,472.40000038146974,472.40000038146974,472.40000038146974,heuristic_eval,6.432155369550369,6.432155369550369,6.432155369550369,0.7226895181546802,0.7226895181546802,0.7226895181546802,0.2769138144434898,0.2769138144434898,0.2769138144434898,0.9985372632220374,0.9985372632220374,0.9985372632220374,0.9985372632220374,0.9985372632220374,0.9985372632220374,0.7216234487785476,0.7216234487785476,0.7216234487785476,7853.016020373789,7853.016020373789,7853.016020373789,187.0,187.0,187.0,5334.8,5334.8,5334.8,15360.0,15360.0,15360.0,,,
30,random,Random,1,0.47730845756869167,0.47730845756869167,0.47730845756869167,0.6173532680529868,0.6173532680529868,0.6173532680529868,3.434341546240654,3.434341546240654,3.434341546240654,0.47730845756869167,0.47730845756869167,0.47730845756869167,2.185660924309043,2.185660924309043,2.185660924309043,1,0.020533854166666664,0.020533854166666664,0.020533854166666664,315.4,315.4,315.4,3769.0,3769.0,3769.0,0.2921936622553918,0.2921936622553918,0.2921936622553918,1559.2,1559.2,1559.2,1.4027524240770475,1.4027524240770475,1.4027524240770475,1.9833557091819014,1.9833557091819014,1.9833557091819014,1,5.0,5.0,5.0,30.8,30.8,30.8,0.8,0.8,0.8,0.0022717464263917156,0.0022717464263917156,0.0022717464263917156,30.8,30.8,30.8,0.1553515625,0.1553515625,0.1553515625,2381.0,2381.0,2381.0,2350.2,2350.2,2350.2,0.012516573401552208,0.012516573401552208,0.012516573401552208,0.1530078125,0.1530078125,0.1530078125,1413.240017223358,1413.240017223358,1413.240017223358,0.0,0.0,0.0,0.9874834265984479,0.9874834265984479,0.9874834265984479,9.18046875,9.18046875,9.18046875,False,0.7194165439941074,0.7194165439941074,0.7194165439941074,0.47730845756869167,0.47730845756869167,0.47730845756869167,0.08845335240474048,0.08845335240474048,0.08845335240474048,2560.0,2560.0,2560.0,0.0,0.0,0.0,1.0,1.0,1.0,13.14521959525664,13.14521959525664,13.14521959525664,0.47730845756869167,0.47730845756869167,0.47730845756869167,random(best_offload=1.00),30.8,30.8,30.8,4.926715210571219,4.926715210571219,4.926715210571219,1,-40.03319338983809,-40.03319338983809,-40.03319338983809,-21.380249106980624,-21.380249106980624,-21.380249106980624,-0.2053333333333332,-0.2053333333333332,-0.2053333333333332,-17.28640087749809,-17.28640087749809,-17.28640087749809,-51.999999999999616,-51.999999999999616,-51.999999999999616,0.0010872197342757062,0.0010872197342757062,0.0010872197342757062,5.8,5.8,5.8,0.0,0.0,0.0,,0.7194165439941074,0.7194165439941074,0.7194165439941074,5.2,5.2,5.2,5.2,5.2,5.2,5329.0,5329.0,5329.0,18.417063526249223,18.417063526249223,18.417063526249223,125.63333333332875,125.63333333332875,125.63333333332875,1.0,reward,13.14521959525664,13.14521959525664,13.14521959525664,0.9794661458333334,0.9794661458333334,0.9794661458333334,0.8874583314110834,0.8874583314110834,0.8874583314110834,1728.6400295257567,1728.6400295257567,1728.6400295257567,heuristic_eval,2.1253747926644024,2.1253747926644024,2.1253747926644024,0.7073429647316596,0.7073429647316596,0.7073429647316596,0.2923433422635232,0.2923433422635232,0.2923433422635232,0.9989127802657244,0.9989127802657244,0.9989127802657244,0.9989127802657244,0.9989127802657244,0.9989127802657244,0.7065694380022012,0.7065694380022012,0.7065694380022012,7475.267667906586,7475.267667906586,7475.267667906586,2381.0,2381.0,2381.0,5334.8,5334.8,5334.8,15360.0,15360.0,15360.0,,1.0,1.0
30,min_distance,Min-Distance,1,0.33039534097730033,0.33039534097730033,0.33039534097730033,0.35732097832333265,0.35732097832333265,0.35732097832333265,3.8902845936610833,3.8902845936610833,3.8902845936610833,0.33039534097730033,0.33039534097730033,0.33039534097730033,2.290094535127339,2.290094535127339,2.290094535127339,1,0.02127604166666667,0.02127604166666667,0.02127604166666667,326.8,326.8,326.8,3544.0,3544.0,3544.0,0.3342260047982174,0.3342260047982174,0.3342260047982174,1783.4,1783.4,1783.4,1.5746598857959,1.5746598857959,1.5746598857959,2.367321634176229,2.367321634176229,2.367321634176229,1,5.0,5.0,5.0,0.2,0.2,0.2,0.6,0.6,0.6,0.09824992617445447,0.09824992617445447,0.09824992617445447,0.2,0.2,0.2,0.00359375,0.00359375,0.00359375,50.0,50.0,50.0,49.8,49.8,49.8,0.004081632653061224,0.004081632653061224,0.004081632653061224,0.0032421874999999994,0.0032421874999999994,0.0032421874999999994,33.000001311302185,33.000001311302185,33.000001311302185,0.0,0.0,0.0,0.9959183673469388,0.9959183673469388,0.9959183673469388,0.19453125,0.19453125,0.19453125,False,0.5852425693372828,0.5852425693372828,0.5852425693372828,0.33039534097730033,0.33039534097730033,0.33039534097730033,0.12582813514117017,0.12582813514117017,0.12582813514117017,2560.0,2560.0,2560.0,0.0,0.0,0.0,1.0,1.0,1.0,9.546008378786428,9.546008378786428,9.546008378786428,0.33039534097730033,0.33039534097730033,0.33039534097730033,min_distance(best_offload=1.00),0.2,0.2,0.2,4.892521541996176,4.892521541996176,4.892521541996176,1,-39.468179359183814,-39.468179359183814,-39.468179359183814,-21.03535485659401,-21.03535485659401,-21.03535485659401,-0.0013333333333333335,-0.0013333333333333335,-0.0013333333333333335,-3.598000142350793,-3.598000142350793,-3.598000142350793,-59.46666666666586,-59.46666666666586,-59.46666666666586,0.0012743463049716959,0.0012743463049716959,0.0012743463049716959,6.8,6.8,6.8,1.0,1.0,1.0,Service Continuity,0.5852425693372828,0.5852425693372828,0.5852425693372828,5.2,5.2,5.2,5.2,5.2,5.2,5328.0,5328.0,5328.0,14.982209775034523,14.982209775034523,14.982209775034523,118.13333333332919,118.13333333332919,118.13333333332919,1.0,reward,9.546008378786428,9.546008378786428,9.546008378786428,0.9787239583333334,0.9787239583333334,0.9787239583333334,0.9765755209078391,0.9765755209078391,0.9765755209078391,359.79999885559084,359.79999885559084,359.79999885559084,heuristic_eval,3.8301142041607337,3.8301142041607337,3.8301142041607337,0.6652327295556363,0.6652327295556363,0.6652327295556363,0.3343389233159952,0.3343389233159952,0.3343389233159952,0.9987256536950282,0.9987256536950282,0.9987256536950282,0.9987256536950282,0.9987256536950282,0.9987256536950282,0.6643867303790331,0.6643867303790331,0.6643867303790331,8389.787871520555,8389.787871520555,8389.787871520555,50.0,50.0,50.0,5334.8,5334.8,5334.8,15360.0,15360.0,15360.0,,1.0,1.0
30,full_local,Full-Local,1,1.0,1.0,1.0,0.0,0.0,0.0,5.421711820144391,5.421711820144391,5.421711820144391,1.0,1.0,1.0,2.2284377342198116,2.2284377342198116,2.2284377342198116,1,0.6982552083333334,0.6982552083333334,0.6982552083333334,10725.2,10725.2,10725.2,2704.4,2704.4,2704.4,0.4929824422900431,0.4929824422900431,0.4929824422900431,2630.4,2630.4,2630.4,2.1065813730014535,2.1065813730014535,2.1065813730014535,4.155520747185385,4.155520747185385,4.155520747185385,1,5.0,5.0,5.0,0.0,0.0,0.0,0.0,0.0,0.0,1.0,1.0,1.0,0.0,0.0,0.0,0.0,0.0,0.0,0.0,0.0,0.0,0.0,0.0,0.0,0.0,0.0,0.0,0.0,0.0,0.0,0.0,0.0,0.0,0.0,0.0,0.0,0.0,0.0,0.0,0.0,0.0,0.0,False,0.0,0.0,0.0,1.0,1.0,1.0,0.0,0.0,0.0,0.0,0.0,0.0,1.0,1.0,1.0,0.0,0.0,0.0,-154.71335575394332,-154.71335575394332,-154.71335575394332,1.0,1.0,1.0,,0.0,0.0,0.0,5.402742558197561,5.402742558197561,5.402742558197561,1,-29.189520146276237,-29.189520146276237,-29.189520146276237,-20.738494967209327,-20.738494967209327,-20.738494967209327,0.0,0.0,0.0,-107.25201444402337,-107.25201444402337,-107.25201444402337,-87.67999999999759,-87.67999999999759,-87.67999999999759,0.0,0.0,0.0,0.0,0.0,0.0,0.0,0.0,0.0,,0.0,0.0,0.0,0.0,0.0,0.0,0.0,0.0,0.0,5334.8,5334.8,5334.8,0.0,0.0,0.0,90.14666666666412,90.14666666666412,90.14666666666412,,reward,-154.71335575394332,-154.71335575394332,-154.71335575394332,0.3017447916666667,0.3017447916666667,0.3017447916666667,0.3017447916666667,0.3017447916666667,0.3017447916666667,10725.2,10725.2,10725.2,heuristic_eval,6.339244920783949,6.339244920783949,6.339244920783949,0.5070175577099569,0.5070175577099569,0.5070175577099569,0.4929824422900431,0.4929824422900431,0.4929824422900431,1.0,1.0,1.0,1.0,1.0,1.0,0.5070175577099569,0.5070175577099569,0.5070175577099569,11238.190308688156,11238.190308688156,11238.190308688156,0.0,0.0,0.0,5334.8,5334.8,5334.8,15360.0,15360.0,15360.0,,,
