method,display_name,episode,reward,avg_delay,avg_success_delay,p95_success_delay,total_energy,handover_success_rate,handover_failure_rate,forced_termination_rate,total_user_seconds,blocked_user_seconds,blocked_time_ratio,handover_interruption_seconds,service_interruption_seconds,total_handovers,failed_handovers,service_continuity_rate,service_availability_rate,task_completion_rate,task_success_rate,task_failure_rate,task_settlement_rate,task_resolution_rate,pending_task_rate,handover_frequency,handovers_per_user_minute,load_balance_variance,load_balance_coefficient,load_variance_sample_count,mec_load_fairness,jain_mec_load_fairness,active_load_balance_score,avg_load_balance_score,deadline_violation_rate,resolved_tasks,completed_tasks,deadline_violations,energy_per_successful_task,reward_task_success,penalty_delay,penalty_energy,penalty_task_failure,penalty_service_interruption,penalty_failed_handover,selected_offload
han_attn_latency_priority_multiuser_u20,HAN+Attn,1,135.58701957315498,1.0357206174002718,0.8055170548368767,2.072558218383421,561.8858731626406,1.0,0.0,0.6129032258064516,10240.0,216.0,0.02109375,18.600000619888306,234.60000038146973,12.0,0.0,0.9770898437127471,0.97890625,0.9534622932436221,0.9534622932436221,0.04653770675637791,1.0,1.0,0.0,0.001171875,0.0703125,0.09002296591956768,0.47048890844118696,215.0,0.47048890844118696,0.5030390340361865,0.47048890844118696,0.47048890844118696,0.04625735912531539,3567.0,3401.0,165.0,0.16521195917748913,170.05000000000442,-20.249597156704766,-2.3943831224369534,-8.299999999999983,-3.5190001409500837,0.0,
han_attn_latency_priority_multiuser_u20,HAN+Attn,2,136.96457002218813,1.0086986908273157,0.7907034067298802,2.0343850960523633,560.5185890555755,1.0,0.0,0.6756756756756757,10240.0,157.0,0.01533203125,22.200000882148743,179.20000064373016,12.0,0.0,0.9824999999371358,0.98466796875,0.9612093553907587,0.9612093553907587,0.0387906446092413,1.0,1.0,0.0,0.001171875,0.0703125,0.08240988753693224,0.5041670502188288,202.0,0.5041670502188288,0.4718668768769225,0.5041670502188288,0.5041670502188288,0.038505419281232175,3506.0,3370.0,135.0,0.16632599081767818,168.50000000000406,-19.714426315095796,-2.3330034159776374,-6.799999999999984,-2.688000108115375,0.0,
han_attn_latency_priority_multiuser_u20,HAN+Attn,3,129.40485250297934,1.1266606698817483,0.8262646449603473,2.0843731821710394,590.8567916592734,1.0,0.0,0.65625,10240.0,285.0,0.02783203125,19.200000762939453,304.200000166893,11.0,0.0,0.9702929687337019,0.97216796875,0.9437978995174567,0.9432624113475178,0.05617021276595745,0.9994326241134752,0.9994326241134752,0.0005673758865248227,0.00107421875,0.064453125,0.08162054774869361,0.5077473437469459,215.0,0.5077473437469459,0.4611922891771527,0.5077473437469459,0.5077473437469459,0.05617021276595745,3523.0,3325.0,198.0,0.1777012907245935,166.25000000000355,-19.996640472936935,-2.3855076086409754,-9.900000000000006,-4.563000177964568,0.0,
han_attn_latency_priority_multiuser_u20,HAN+Attn,4,142.71173867583275,1.0371934008219832,0.8034077386522401,2.0644236072504416,608.3376004417001,1.0,0.0,0.6341463414634146,10240.0,102.0,0.0099609375,24.600000977516174,126.60000097751617,15.0,0.0,0.9876367186545394,0.9900390625,0.9617816882045642,0.9617816882045642,0.0382183117954358,1.0,1.0,0.0,0.00146484375,0.087890625,0.08877240700238054,0.47591713393731777,209.0,0.47591713393731777,0.4926572912589127,0.47591713393731777,0.47591713393731777,0.0379433599120154,3637.0,3498.0,138.0,0.17391012019488283,174.90000000000552,-20.866558441369378,-2.472703452250145,-6.949999999999983,-1.8990000756457448,0.0,
han_attn_latency_priority_multiuser_u20,HAN+Attn,5,128.68834730354138,1.1110500845040594,0.8140372580183923,2.081896785341626,574.8475864611287,1.0,0.0,0.71875,10240.0,333.0,0.03251953125,19.200000762939453,352.200000166893,9.0,0.0,0.9656054687337019,0.96748046875,0.9404627539503386,0.9404627539503386,0.0595372460496614,1.0,1.0,0.0,0.00087890625,0.052734375,0.08521107451510916,0.49159749785493195,206.0,0.49159749785493195,0.37615989341065303,0.49159749785493195,0.49159749785493195,0.0595372460496614,3544.0,3333.0,211.0,0.17247152309064767,166.65000000000364,-19.788896018715413,-2.339756786299563,-10.550000000000015,-5.283000219613314,0.0,
han_attn_latency_priority_multiuser_u20,HAN+Attn,6,138.2608854349819,1.0594558808557013,0.7963615694317577,2.09467877001964,588.9576590158979,1.0,0.0,0.4888888888888889,10240.0,172.0,0.016796875,27.000000953674316,199.00000059604645,23.0,0.0,0.9805664061917924,0.983203125,0.9537524231514816,0.9532244672017713,0.04622197619706615,0.9994464433988375,0.9994464433988375,0.0005535566011624688,0.00224609375,0.134765625,0.08549400897525752,0.4903395787221783,209.0,0.4903395787221783,0.5188379115724571,0.4903395787221783,0.4903395787221783,0.04622197619706615,3611.0,3444.0,167.0,0.17100977323341982,172.2000000000049,-20.234521756619614,-2.3695923084122095,-8.349999999999984,-2.9850001195445657,0.0,
han_attn_latency_priority_multiuser_u20,HAN+Attn,7,141.30440948531032,0.9890992865766363,0.7703372207325468,2.0515938925414146,556.8719013227901,1.0,0.0,0.40816326530612246,10240.0,87.0,0.00849609375,29.40000081062317,116.40000081062317,29.0,0.0,0.9886328124208376,0.99150390625,0.9621636771300448,0.9621636771300448,0.037836322869955155,1.0,1.0,0.0,0.00283203125,0.169921875,0.08813780698888336,0.4786870609131207,203.0,0.4786870609131207,0.45641338615825694,0.4786870609131207,0.4786870609131207,0.037836322869955155,3568.0,3433.0,135.0,0.16221144809868632,171.65000000000478,-19.59806320427614,-2.2515277113934564,-6.749999999999984,-1.7460000840947032,0.0,
han_attn_latency_priority_multiuser_u20,HAN+Attn,8,129.88733950397,1.2191334364445359,0.8624829855765733,2.2366371776152363,645.64849023225,1.0,0.0,0.5,10240.0,133.0,0.01298828125,19.200000762939453,152.200000166893,16.0,0.0,0.9851367187337019,0.98701171875,0.9409103760248798,0.9409103760248798,0.05908962397512016,1.0,1.0,0.0,0.0015625,0.09375,0.0836847469254617,0.4984203042151331,230.0,0.4984203042151331,0.5027931847012808,0.4984203042151331,0.4984203042151331,0.05908962397512016,3537.0,3328.0,209.0,0.19400495499767126,166.4000000000036,-21.42839045186589,-2.351270390011911,-10.450000000000014,-2.2830000892281532,0.0,
han_attn_latency_priority_multiuser_u20,HAN+Attn,9,141.74039273895323,0.9815329292391239,0.8002904208042958,2.0485308115262004,568.9856612873931,1.0,0.0,0.6136363636363636,10240.0,182.0,0.0177734375,27.600001096725464,209.60000050067902,17.0,0.0,0.9795312499511055,0.9822265625,0.96398891966759,0.9637219606757131,0.03600110772639158,0.9997230684021047,0.9997230684021047,0.00027693159789531985,0.00166015625,0.099609375,0.08837667163945831,0.4776432357983354,235.0,0.4776432357983354,0.49992883990206927,0.4776432357983354,0.4776432357983354,0.03572417612849626,3610.0,3480.0,129.0,0.16350162680672214,174.00000000000531,-20.14478260993455,-2.470824571048472,-6.499999999999985,-3.1440001251176,0.0,
han_attn_latency_priority_multiuser_u20,HAN+Attn,10,144.6161083113402,0.930962758636817,0.7711607378872144,1.999393911202919,543.41906090862,1.0,0.0,0.5142857142857142,10240.0,157.0,0.01533203125,21.000000596046448,178.00000047683716,17.0,0.0,0.9826171874534338,0.98466796875,0.9684995855208621,0.9684995855208621,0.031500414479137887,1.0,1.0,0.0,0.00166015625,0.099609375,0.08478701733084246,0.49348682630034946,181.0,0.49348682630034946,0.3950276243093922,0.49348682630034946,0.49348682630034946,0.031500414479137887,3619.0,3505.0,114.0,0.15504110154311557,175.2500000000056,-19.858760640012033,-2.405130961153303,-5.699999999999988,-2.6700001088902354,0.0,
han_pdqn,HAN+PDQN,1,135.9049679869786,1.0713752460176278,0.8250538003667471,2.3724415483259063,392.86823903982093,0.7777777777777778,0.2222222222222222,0.475,10240.0,217.0,0.02119140625,24.000000834465027,241.00000047683716,27.0,6.0,0.9764648437034339,0.97880859375,0.9520471116096466,0.951780207457247,0.0479394449116905,0.9997196523689375,0.9997196523689375,0.0002803476310625175,0.00205078125,0.123046875,0.08584704810372769,0.4887729483499079,225.0,0.4887729483499079,0.5264802963679078,0.4887729483499079,0.4887729483499079,0.04765909728062798,3566.0,3395.0,170.0,0.11571965803823886,169.75000000000435,-20.112129266165244,-1.5079031707792263,-8.549999999999986,-3.6150001445785165,-0.06000000000000001,
han_pdqn,HAN+PDQN,2,138.43834084260743,1.00863931627957,0.8241568438142549,2.416337982765157,379.48349187773016,0.967741935483871,0.03225806451612903,0.4230769230769231,10240.0,156.0,0.015234375,31.200001120567322,187.20000100135803,31.0,1.0,0.9817187499022111,0.984765625,0.96406160867085,0.96406160867085,0.03593839132915003,1.0,1.0,0.0,0.0029296875,0.17578125,0.08201531364694477,0.5059546335615266,227.0,0.5059546335615266,0.48370463879100006,0.5059546335615266,0.5059546335615266,0.0356531660011409,3506.0,3380.0,125.0,0.1122732224490326,169.00000000000418,-19.934648726752368,-1.5090105329184738,-6.299999999999986,-2.8080001147463918,-0.010000000000000002,
han_pdqn,HAN+PDQN,3,132.7330507878214,1.0823154699188595,0.8177716723949121,2.2144025117392685,402.7951831259516,0.6181818181818182,0.38181818181818183,0.32,10240.0,280.0,0.02734375,30.000001192092896,310.0000002384186,55.0,21.0,0.969726562476717,0.97265625,0.9500425773488504,0.9495035460992908,0.0499290780141844,0.9994326241134752,0.9994326241134752,0.0005673758865248227,0.0033203125,0.19921875,0.07870570066614518,0.5211175193698038,193.0,0.5211175193698038,0.4757286746190895,0.5211175193698038,0.5211175193698038,0.0499290780141844,3523.0,3347.0,176.0,0.12034513986434169,167.3500000000038,-19.409610613530628,-1.5473387897923307,-8.79999999999999,-4.650000184774399,-0.21000000000000013,
han_pdqn,HAN+PDQN,4,142.97505797445774,1.0622850937615214,0.8492958737943329,2.6467486223222925,442.2703192373458,0.9111111111111111,0.08888888888888889,0.3787878787878788,10240.0,102.0,0.0099609375,39.600000739097595,141.6000007390976,45.0,4.0,0.9861718749278225,0.9900390625,0.9620566400879846,0.9620566400879846,0.0379433599120154,1.0,1.0,0.0,0.00400390625,0.24023437499999997,0.08409818337793346,0.4965660541601857,200.0,0.4965660541601857,0.5148996591335183,0.4965660541601857,0.4965660541601857,0.0379433599120154,3637.0,3499.0,138.0,0.12639906237134776,174.95000000000553,-21.221391572453594,-1.6895502869138292,-6.8999999999999835,-2.1240000957623124,-0.04000000000000001,
han_pdqn,HAN+PDQN,5,138.26209499128163,0.900973546911844,0.7378764161755605,2.0982545834516055,319.7265261364551,0.3888888888888889,0.6111111111111112,0.13580246913580246,10240.0,321.0,0.03134765625,48.60000193119049,369.60000133514404,180.0,110.0,0.9639062498696148,0.96865234375,0.9633182844243793,0.9633182844243793,0.03668171557562077,1.0,1.0,0.0,0.0068359375,0.41015625,0.07968284673142917,0.516609083418031,168.0,0.516609083418031,0.40553948250037053,0.516609083418031,0.516609083418031,0.03668171557562077,3544.0,3414.0,130.0,0.09365158937798919,170.70000000000456,-17.854689559998565,-1.4392152831352725,-6.499999999999985,-5.544000233523548,-1.1000000000000008,
han_pdqn,HAN+PDQN,6,139.53315803193254,1.067648602503689,0.8232537992051585,2.403798204135962,419.0963788165633,1.0,0.0,0.38461538461538464,10240.0,170.0,0.0166015625,31.20000123977661,201.20000100135803,32.0,0.0,0.9803515624022111,0.9833984375,0.9554140127388535,0.9548851370052588,0.04456130639357874,0.9994464433988375,0.9994464433988375,0.0005535566011624688,0.003125,0.1875,0.08573823186120742,0.48925547510090417,197.0,0.48925547510090417,0.5256262850110566,0.48925547510090417,0.48925547510090417,0.04456130639357874,3611.0,3450.0,161.0,0.12147721125117776,172.50000000000497,-20.328669022957286,-1.570172919852347,-8.04999999999998,-3.0180001175031066,0.0,
han_pdqn,HAN+PDQN,7,143.5007806122303,0.9792111868741131,0.7766617223789873,2.235608567055569,385.2382801993692,0.9444444444444444,0.05555555555555555,0.28169014084507044,10240.0,88.0,0.00859375,42.60000169277191,130.6000016927719,54.0,3.0,0.9872460935846903,0.99140625,0.9660779366414354,0.9658071748878924,0.03391255605381166,0.9997197309417041,0.9997197309417041,0.0002802690582959641,0.00498046875,0.298828125,0.083768973427491,0.49804217829318853,209.0,0.49804217829318853,0.4607244019909692,0.49804217829318853,0.49804217829318853,0.03391255605381166,3567.0,3446.0,121.0,0.11179288456162775,172.30000000000493,-19.318555694719986,-1.441663719996362,-6.0499999999999865,-1.9590000845491886,-0.030000000000000006,
han_pdqn,HAN+PDQN,8,133.1761307809502,1.1724503751151314,0.873011832558303,2.57098044880572,468.3861243552334,0.9333333333333333,0.06666666666666667,0.40425531914893614,10240.0,139.0,0.01357421875,28.200001120567322,167.2000002861023,30.0,2.0,0.9836718749720603,0.98642578125,0.9485148514851485,0.947978512864009,0.05145603618886062,0.9994345490528697,0.9994345490528697,0.0005654509471303364,0.002734375,0.1640625,0.08279456775233318,0.5024283700811537,227.0,0.5024283700811537,0.520392767103119,0.5024283700811537,0.5024283700811537,0.05145603618886062,3535.0,3353.0,182.0,0.13969165653302518,167.65000000000387,-21.229054192516898,-1.6168152263131335,-9.099999999999994,-2.508000095374882,-0.020000000000000004,
han_pdqn,HAN+PDQN,9,144.15179545711726,0.9697469131512321,0.8013001654680494,2.146018946834844,355.0635010191865,0.8620689655172413,0.13793103448275862,0.4444444444444444,10240.0,175.0,0.01708984375,28.200001001358032,203.20000088214874,29.0,4.0,0.9801562499138526,0.98291015625,0.9670360110803324,0.9667682082525616,0.03295486014954306,0.9997230684021047,0.9997230684021047,0.00027693159789531985,0.00244140625,0.146484375,0.08706548523758571,0.48339127528161896,259.0,0.48339127528161896,0.5106379595121028,0.48339127528161896,0.48339127528161896,0.03267792855164774,3610.0,3491.0,118.0,0.10170825007710871,174.55000000000544,-19.91813674785822,-1.4420680900458587,-5.949999999999987,-3.0480001252144575,-0.04000000000000001,
han_pdqn,HAN+PDQN,10,142.06155201932415,0.881801212392091,0.7562509481559302,2.27852086883051,348.97387280410317,0.33746130030959753,0.6625386996904025,0.14173228346456693,10240.0,216.0,0.02109375,74.40000247955322,290.4000018835068,323.0,214.0,0.9716406248160638,0.97890625,0.9687413554633472,0.9676706272450953,0.031224095053882288,0.9988947222989776,0.9988947222989776,0.0011052777010223818,0.01064453125,0.638671875,0.08429957024046435,0.4956645012745484,167.0,0.4956645012745484,0.42709271717011366,0.4956645012745484,0.4956645012745484,0.030947775628626693,3615.0,3502.0,112.0,0.09964987801373591,175.10000000000556,-19.059455807589874,-1.5729929510077705,-5.649999999999988,-4.356000181287527,-2.399999999999993,
joint_greedy,Joint Greedy,1,134.78201005607843,1.1329457019572344,0.7839322366859653,2.250411984204856,376.66333431649394,0.7959183673469388,0.20408163265306123,0.30357142857142855,10240.0,226.0,0.0220703125,33.60000133514404,259.59999990463257,49.0,10.0,0.9746484375093132,0.9779296875,0.9458929072049341,0.9458929072049341,0.054107092795065884,1.0,1.0,0.0,0.00380859375,0.228515625,0.08241704988232362,0.5041346410390235,236.0,0.5041346410390235,0.5463415062335778,0.5041346410390235,0.5041346410390235,0.05382674516400336,3567.0,3374.0,192.0,0.1116370285466787,168.7000000000041,-19.02994598513975,-1.2440444599920655,-9.650000000000002,-3.8940001567825675,-0.10000000000000003,
joint_greedy,Joint Greedy,2,136.05973200453445,1.1063157304516449,0.7710405257252751,2.14683835281309,388.5269693647247,0.5344827586206896,0.46551724137931033,0.38,10240.0,163.0,0.01591796875,30.000001192092896,193.00000071525574,58.0,27.0,0.9811523436801508,0.98408203125,0.9535082715345122,0.9535082715345122,0.046491728465487735,1.0,1.0,0.0,0.00302734375,0.181640625,0.08291553012095126,0.5018824739667309,211.0,0.5018824739667309,0.48169671894944194,0.5018824739667309,0.5018824739667309,0.046491728465487735,3506.0,3343.0,163.0,0.11622104976509863,167.15000000000376,-18.53251051459332,-1.2427569076971963,-8.14999999999998,-2.895000117830932,-0.2700000000000002,
joint_greedy,Joint Greedy,3,128.9635934503749,1.2075985368921138,0.7915517278566775,2.287681133701403,417.15094447045414,0.6285714285714286,0.37142857142857144,0.4634146341463415,10240.0,294.0,0.0287109375,24.600000977516174,318.60000002384186,35.0,13.0,0.9688867187476717,0.9712890625,0.9361520998864926,0.9358865248226951,0.06382978723404255,0.9997163120567376,0.9997163120567376,0.00028368794326241134,0.0021484375,0.12890625,0.08442741241721853,0.4950927508783868,198.0,0.4950927508783868,0.4435654479548626,0.4950927508783868,0.4950927508783868,0.06382978723404255,3524.0,3299.0,225.0,0.1264476945954696,164.95000000000326,-18.522081666216263,-1.3053247771321779,-11.250000000000025,-4.779000187292695,-0.13000000000000006,
joint_greedy,Joint Greedy,4,142.9248292632401,1.1208814297982783,0.799861921688313,2.247199839003139,412.69343668220404,0.6440677966101694,0.3559322033898305,0.3448275862068966,10240.0,96.0,0.009375,34.80000138282776,130.80000138282776,59.0,21.0,0.9872265623649582,0.990625,0.9576574099532582,0.9576574099532582,0.04234259004674182,1.0,1.0,0.0,0.0037109375,0.22265625,0.08612042052608679,0.4875621041334329,232.0,0.4875621041334329,0.5071122705495577,0.4875621041334329,0.4875621041334329,0.04234259004674182,3637.0,3483.0,154.0,0.11848792325070458,174.15000000000535,-20.022739400198812,-1.3304312943879066,-7.699999999999981,-1.9620000794529915,-0.21000000000000013,
joint_greedy,Joint Greedy,5,141.53218294493854,0.8398691033685222,0.6737021604183556,1.8320351178079746,251.78303653988996,1.0,0.0,0.42592592592592593,10240.0,351.0,0.03427734375,32.40000128746033,383.39999997615814,31.0,0.0,0.9625585937523283,0.96572265625,0.9644469525959368,0.9644469525959368,0.035553047404063204,1.0,1.0,0.0,0.00302734375,0.181640625,0.08047290263518442,0.5129833520782183,188.0,0.5129833520782183,0.4144924979669138,0.5129833520782183,0.5129833520782183,0.03527088036117382,3544.0,3418.0,125.0,0.07366384919247805,170.9000000000046,-16.180526068307422,-1.1362903890423746,-6.299999999999986,-5.7510002283379436,0.0,
joint_greedy,Joint Greedy,6,134.06225981861644,1.2375992025907343,0.8096733260776319,2.361542740202271,442.3903567895561,0.7333333333333333,0.26666666666666666,0.4107142857142857,10240.0,203.0,0.01982421875,33.60000133514404,236.60000026226044,45.0,12.0,0.9768945312243886,0.98017578125,0.9396623304732908,0.9396623304732908,0.0603376695267091,1.0,1.0,0.0,0.00322265625,0.193359375,0.08430423678453298,0.4956436233330237,211.0,0.4956436233330237,0.528293853213743,0.4956436233330237,0.4956436233330237,0.0603376695267091,3613.0,3395.0,218.0,0.13030643793506808,169.75000000000435,-19.793888357643592,-1.3248517224547378,-10.90000000000002,-3.549000134691596,-0.12000000000000005,
joint_greedy,Joint Greedy,7,142.62452121451497,1.077021726968008,0.7772411142030085,2.2320950035699125,389.3976827751673,0.7333333333333333,0.26666666666666666,0.27631578947368424,10240.0,89.0,0.00869140625,45.60000169277191,134.6000018119812,75.0,20.0,0.9868554685730487,0.99130859375,0.9638148667601683,0.9630044843049327,0.03615470852017937,0.9991591928251121,0.9991591928251121,0.0008408071748878924,0.00537109375,0.322265625,0.08567357321262502,0.48954234083624454,220.0,0.48954234083624454,0.46202064887207095,0.48954234083624454,0.48954234083624454,0.03615470852017937,3565.0,3436.0,129.0,0.11332877845610224,171.80000000000481,-19.23611136785489,-1.2703678872500492,-6.449999999999985,-2.019000083208084,-0.20000000000000012,
joint_greedy,Joint Greedy,8,126.40356213180348,1.4116178290169488,0.8762017109319787,2.705112008957941,518.6195439708097,0.26136363636363635,0.7386363636363636,0.43902439024390244,10240.0,152.0,0.01484375,24.000000953674316,176.00000035762787,88.0,65.0,0.9828124999650754,0.98515625,0.9295814479638009,0.929318631608708,0.07039864291772689,0.9997172745264349,0.9997172745264349,0.0002827254735651682,0.00224609375,0.134765625,0.08380433155009111,0.4978834986297036,240.0,0.4978834986297036,0.5061305876319405,0.4978834986297036,0.4978834986297036,0.07039864291772689,3536.0,3287.0,249.0,0.15777899116848484,164.35000000000312,-20.832910656005428,-1.3735273443087348,-12.450000000000042,-2.6400001039728522,-0.6500000000000005,
joint_greedy,Joint Greedy,9,139.88585807010531,1.0967113437600802,0.7949859707988196,2.199506041978367,381.57492383207057,0.8103448275862069,0.1896551724137931,0.3088235294117647,10240.0,182.0,0.0177734375,42.000001668930054,224.00000059604645,58.0,11.0,0.9781249999417924,0.9822265625,0.9545706371191136,0.9543062863472722,0.045416782054832454,0.9997230684021047,0.9997230684021047,0.00027693159789531985,0.00458984375,0.275390625,0.08548101342897849,0.49039731008756554,262.0,0.49039731008756554,0.5158057041134679,0.49039731008756554,0.49039731008756554,0.045139850456937136,3610.0,3446.0,163.0,0.11072980958562698,172.30000000000493,-19.46294827148695,-1.2811931778178391,-8.199999999999982,-3.3600001325830817,-0.11000000000000004,
joint_greedy,Joint Greedy,10,149.1791409915313,0.8708671278525976,0.6988434987950694,1.9782539484378148,302.2354062229136,0.8979591836734694,0.10204081632653061,0.3230769230769231,10240.0,170.0,0.0166015625,38.400001525878906,208.40000092983246,49.0,5.0,0.979648437409196,0.9833984375,0.9731896075179657,0.9729206963249516,0.02680298424979276,0.9997236805747444,0.9997236805747444,0.00027631942525559546,0.004296875,0.2578125,0.08325730233881927,0.5003422175327313,196.0,0.5003422175327313,0.42240151322751107,0.5003422175327313,0.5003422175327313,0.02625034539928157,3618.0,3521.0,95.0,0.08583794553334666,176.05000000000578,-17.621340960775267,-1.213517811375759,-4.849999999999991,-3.1260001258924603,-0.06000000000000001,
attn_mappo,Attn+MAPPO,1,134.60469972563442,1.039720804890993,0.7920746430980762,2.116004995674494,534.307914672159,1.0,0.0,0.35294117647058826,10240.0,209.0,0.02041015625,20.40000069141388,229.4000004529953,22.0,0.0,0.9775976562057622,0.97958984375,0.9498177740398094,0.9498177740398094,0.05018222596019064,1.0,1.0,0.0,0.0021484375,0.12890625,0.08521236387383531,0.49159176058370635,220.0,0.49159176058370635,0.5293347359082594,0.49159176058370635,0.49159176058370635,0.05018222596019064,3567.0,3388.0,179.0,0.15770599606616262,169.40000000000427,-20.191259415868448,-2.213040480865357,-8.949999999999992,-3.4410001365467906,0.0,
attn_mappo,Attn+MAPPO,2,138.36138460971415,0.967289813895331,0.7561450892049039,2.0048800910484177,514.3368780076797,0.9615384615384616,0.038461538461538464,0.4318181818181818,10240.0,151.0,0.01474609375,26.400001049041748,177.40000081062317,26.0,1.0,0.9826757811708375,0.98525390625,0.9626354820308043,0.9626354820308043,0.03736451796919567,1.0,1.0,0.0,0.00244140625,0.146484375,0.08326157543097475,0.500322980089735,207.0,0.500322980089735,0.4859971344417108,0.500322980089735,0.500322980089735,0.03736451796919567,3506.0,3375.0,131.0,0.15239611200227549,168.75000000000412,-19.04370713986221,-2.1239084206735077,-6.549999999999985,-2.661000108346343,-0.010000000000000002,
attn_mappo,Attn+MAPPO,3,128.91929866746068,1.1248314408506888,0.8007224553689365,2.143813822620944,568.2013319916842,0.6304347826086957,0.3695652173913043,0.35555555555555557,10240.0,280.0,0.02734375,27.000001072883606,307.0000002384186,46.0,17.0,0.9700195312267169,0.97265625,0.9409761634506243,0.940709219858156,0.05900709219858156,0.9997163120567376,0.9997163120567376,0.00028368794326241134,0.00283203125,0.169921875,0.08213452057320113,0.5054141290013905,205.0,0.5054141290013905,0.46254406786390484,0.5054141290013905,0.5054141290013905,0.05900709219858156,3524.0,3316.0,208.0,0.17135142701799885,165.80000000000345,-19.490394004589362,-2.2153067914217788,-10.400000000000013,-4.605000181123614,-0.1700000000000001,
attn_mappo,Attn+MAPPO,4,141.43341329321265,1.0536932755882427,0.7959788196149156,2.174529301957696,587.1485767152928,1.0,0.0,0.4897959183673469,10240.0,100.0,0.009765625,29.400001168251038,129.40000116825104,25.0,0.0,0.987363281135913,0.990234375,0.9573824580698378,0.9573824580698378,0.04261754193016222,1.0,1.0,0.0,0.00244140625,0.146484375,0.08887754877811785,0.47545920879927656,228.0,0.47545920879927656,0.4889482043753952,0.47545920879927656,0.47545920879927656,0.04234259004674182,3637.0,3482.0,154.0,0.16862394506470213,174.10000000000534,-20.677301220689404,-2.2982852257024775,-7.7499999999999805,-1.9410000806674361,0.0,
attn_mappo,Attn+MAPPO,5,141.74977007694542,0.7815338572591843,0.6347147662495202,1.6484583217239264,422.27530778118216,1.0,0.0,0.19480519480519481,10240.0,325.0,0.03173828125,46.20000183582306,371.2000014781952,62.0,0.0,0.963749999855645,0.96826171875,0.9658577878103838,0.9658577878103838,0.03414221218961625,1.0,1.0,0.0,0.0060546875,0.36328125,0.08105496070954661,0.5103232373511495,131.0,0.5103232373511495,0.40863814836509776,0.5103232373511495,0.5103232373511495,0.03414221218961625,3544.0,3423.0,121.0,0.12336409809558345,171.15000000000467,-15.782149150945829,-2.000080125913926,-6.0499999999999865,-5.568000226281583,0.0,
attn_mappo,Attn+MAPPO,6,134.582789994427,1.1286119742821574,0.8118490820268216,2.251799160600053,602.7395044252617,0.9411764705882353,0.058823529411764705,0.43859649122807015,10240.0,175.0,0.01708984375,34.20000100135803,209.20000064373016,34.0,2.0,0.9795703124371358,0.98291015625,0.9457214068125173,0.9451978964849156,0.05424854691392195,0.9994464433988375,0.9994464433988375,0.0005535566011624688,0.003125,0.1875,0.08901458322525428,0.47486280750282894,217.0,0.47486280750282894,0.5020852909589453,0.47486280750282894,0.47486280750282894,0.05424854691392195,3611.0,3415.0,196.0,0.1764976586896813,170.75000000000458,-20.924976242853223,-2.2842338241631177,-9.800000000000004,-3.138000126928091,-0.020000000000000004,
attn_mappo,Attn+MAPPO,7,139.19905809080228,1.0225665010155813,0.7687438244715658,2.12422164221584,554.6559545392072,0.9047619047619048,0.09523809523809523,0.6122448979591837,10240.0,97.0,0.00947265625,29.400001168251038,126.40000104904175,21.0,2.0,0.9876562498975545,0.99052734375,0.9565582959641256,0.9565582959641256,0.04344170403587444,1.0,1.0,0.0,0.00185546875,0.111328125,0.08794093994974284,0.4795484680676982,219.0,0.4795484680676982,0.45420703667427326,0.4795484680676982,0.4795484680676982,0.043161434977578475,3568.0,3413.0,154.0,0.16251273206539912,170.65000000000455,-19.64103452925405,-2.143907235873339,-7.7499999999999805,-1.8960000732913613,-0.020000000000000004,
attn_mappo,Attn+MAPPO,8,126.99059393443167,1.2787020025440412,0.8743842657510041,2.404765916486429,658.9516271936308,0.9183673469387755,0.08163265306122448,0.25,10240.0,132.0,0.012890625,35.40000140666962,167.40000092983246,49.0,4.0,0.9836523436591961,0.987109375,0.9346534653465347,0.9341249646593158,0.06530958439355386,0.9994345490528697,0.9994345490528697,0.0005654509471303364,0.00439453125,0.263671875,0.08444796516387558,0.4950008733197281,230.0,0.4950008733197281,0.5050532255813234,0.4950008733197281,0.4950008733197281,0.06530958439355386,3535.0,3304.0,231.0,0.19944056513124417,165.2000000000033,-21.823850234116513,-2.284555460699347,-11.55000000000003,-2.5110001042485237,-0.04000000000000001,
attn_mappo,Attn+MAPPO,9,141.23410464357585,0.9798731139299097,0.7836567886985242,2.0734961386977804,537.3869166004833,0.875,0.125,0.4262295081967213,10240.0,181.0,0.01767578125,37.80000126361847,218.8000007867813,40.0,5.0,0.9786328124231659,0.98232421875,0.9626038781163435,0.9623373026862365,0.03738576571586818,0.9997230684021047,0.9997230684021047,0.00027693159789531985,0.00341796875,0.205078125,0.08798626906280664,0.4793500380546139,240.0,0.4793500380546139,0.5012735453076426,0.4793500380546139,0.4793500380546139,0.03738576571586818,3610.0,3475.0,135.0,0.15464371700733334,173.75000000000526,-20.157642604817802,-2.2762524541588434,-6.749999999999984,-3.2820001328364015,-0.05000000000000001,
attn_mappo,Attn+MAPPO,10,146.3379871500656,0.829321368097813,0.6917286214696137,1.8322919616572708,479.1584325485109,0.9680851063829787,0.031914893617021274,0.14150943396226415,10240.0,181.0,0.01767578125,62.400002002716064,243.40000188350677,94.0,3.0,0.9762304685660638,0.98232421875,0.9717842323651452,0.9707101409229069,0.028184581376070737,0.9988947222989776,0.9988947222989776,0.0011052777010223818,0.00888671875,0.533203125,0.08653493871912515,0.4857298380460406,157.0,0.4857298380460406,0.4006961275694036,0.4857298380460406,0.4857298380460406,0.028184581376070737,3615.0,3513.0,102.0,0.13639579634173382,175.6500000000057,-18.089446736873523,-2.171566194416814,-5.09999999999999,-3.6510001569986343,-0.3000000000000002,
mappo_no_han,MAPPO,1,135.80533817131072,1.044379468378128,0.8149496744937175,2.243283669727782,594.1925839814737,1.0,0.0,0.47058823529411764,10240.0,213.0,0.02080078125,20.40000081062317,233.4000005722046,18.0,0.0,0.9772070311941207,0.97919921875,0.9543033361368096,0.9543033361368096,0.04569666386319036,1.0,1.0,0.0,0.0017578125,0.10546875,0.08708622394612553,0.48330001192784433,200.0,0.48330001192784433,0.5189570000805631,0.48330001192784433,0.48330001192784433,0.045416316232127836,3567.0,3404.0,162.0,0.1745571633318078,170.20000000000445,-20.17994628521011,-2.5637156611842653,-8.14999999999998,-3.5010001407936215,0.0,
mappo_no_han,MAPPO,2,137.04392410535365,1.0241730632219417,0.8177514138430835,2.2255200441104313,593.9319055069285,1.0,0.0,0.6666666666666666,10240.0,158.0,0.0154296875,23.40000092983246,181.40000069141388,13.0,0.0,0.9822851561824791,0.9845703125,0.9632059326868226,0.9632059326868226,0.03679406731317741,1.0,1.0,0.0,0.00126953125,0.076171875,0.08440021411148685,0.4952143536406447,179.0,0.4952143536406447,0.4757914338919914,0.4952143536406447,0.4952143536406447,0.03650884198516828,3506.0,3377.0,128.0,0.1758756012753712,168.85000000000414,-20.10368051195273,-2.5313955881001835,-6.449999999999985,-2.7210001088678837,0.0,
mappo_no_han,MAPPO,3,130.78713450720534,1.0980957693496765,0.8320716695824499,2.2489355500556663,616.4810873937917,1.0,0.0,0.5428571428571428,10240.0,283.0,0.02763671875,21.000000834465027,304.0000001192093,16.0,0.0,0.9703124999883584,0.97236328125,0.9478014184397163,0.9478014184397163,0.05219858156028369,1.0,1.0,0.0,0.0015625,0.09375,0.08060112737189672,0.5123965364992379,171.0,0.5123965364992379,0.4717348927875235,0.5123965364992379,0.5123965364992379,0.05219858156028369,3525.0,3341.0,184.0,0.18451993037826747,167.05000000000373,-19.893754769507858,-2.6091108893167516,-9.199999999999996,-4.5600001802667975,0.0,
mappo_no_han,MAPPO,4,141.9521870277822,1.0572607188171341,0.8260779244157438,2.2295208050090594,649.6254162158183,1.0,0.0,0.6511627906976745,10240.0,104.0,0.01015625,25.80000102519989,129.8000010251999,15.0,0.0,0.9873242186498828,0.98984375,0.960956832554303,0.960956832554303,0.039043167445697004,1.0,1.0,0.0,0.00146484375,0.087890625,0.08843741879565853,0.4773780091435149,198.0,0.4773780091435149,0.48989898989898945,0.4773780091435149,0.4773780091435149,0.0387682155622766,3637.0,3495.0,141.0,0.18587279433928994,174.75000000000549,-21.069200835934318,-2.6816123880805467,-7.099999999999983,-1.947000078856945,0.0,
mappo_no_han,MAPPO,5,137.2927635665983,0.9437529297457569,0.7661877180681537,2.1281631778657957,531.0566939247789,1.0,0.0,0.5,10240.0,331.0,0.03232421875,22.8000009059906,353.80000030994415,19.0,0.0,0.965449218719732,0.96767578125,0.9616252821670429,0.9616252821670429,0.03837471783295711,1.0,1.0,0.0,0.00185546875,0.111328125,0.08009858086570727,0.5146990292679056,132.0,0.5146990292679056,0.3773584207533524,0.5146990292679056,0.5146990292679056,0.03837471783295711,3544.0,3408.0,136.0,0.15582649469623794,170.4000000000045,-18.540825250179697,-2.4594111860657852,-6.799999999999984,-5.307000221684575,0.0,
mappo_no_han,MAPPO,6,133.93874586327001,1.1435086709203057,0.8357834767304191,2.2718259394072917,671.2291740847609,1.0,0.0,0.7441860465116279,10240.0,183.0,0.01787109375,25.80000102519989,208.80000030994415,11.0,0.0,0.979609374969732,0.98212890625,0.9443521594684385,0.9440907832825907,0.05563243841682812,0.9997232216994187,0.9997232216994187,0.0002767783005812344,0.00107421875,0.064453125,0.0896415039506883,0.4721404604090839,191.0,0.4721404604090839,0.501434058251853,0.4721404604090839,0.4721404604090839,0.05563243841682812,3612.0,3411.0,201.0,0.19678369219723274,170.55000000000453,-20.783627255618054,-2.6456263607588264,-10.050000000000008,-3.1320001175627112,0.0,
mappo_no_han,MAPPO,7,134.55621868465096,1.1368295843911107,0.8448508661913755,2.3386331848635837,666.5299466672093,1.0,0.0,0.7446808510638298,10240.0,102.0,0.0099609375,28.200001120567322,130.20000112056732,12.0,0.0,0.9872851561405696,0.9900390625,0.9489767311466218,0.9487107623318386,0.05100896860986547,0.9997197309417041,0.9997197309417041,0.0002802690582959641,0.001171875,0.0703125,0.0885221789878925,0.4770080988338518,198.0,0.4770080988338518,0.44771884945409623,0.4770080988338518,0.4770080988338518,0.05072869955156951,3567.0,3385.0,181.0,0.19690692663728487,169.25000000000423,-21.053042006754474,-2.5877394870809587,-9.099999999999994,-1.9530000751838088,0.0,
mappo_no_han,MAPPO,8,130.01694417465478,1.2222445173543242,0.8755001211808722,2.3637002489030983,695.3464647433177,1.0,0.0,0.4838709677419355,10240.0,132.0,0.012890625,18.600000739097595,150.60000014305115,16.0,0.0,0.9852929687360301,0.987109375,0.9423240033927057,0.9423240033927057,0.05767599660729432,1.0,1.0,0.0,0.0015625,0.09375,0.0836325631339807,0.4986546735823541,205.0,0.4986546735823541,0.49749622268835764,0.4986546735823541,0.4986546735823541,0.05767599660729432,3537.0,3333.0,204.0,0.20862480190318564,166.65000000000364,-21.543266849788335,-2.6307888571355913,-10.20000000000001,-2.2590000880882144,0.0,
mappo_no_han,MAPPO,9,140.94491282105446,1.0063023513280593,0.8254010725160948,2.2153730264566995,610.7258422427234,1.0,0.0,0.6363636363636364,10240.0,183.0,0.01787109375,27.600001096725464,210.6000006198883,16.0,0.0,0.979433593689464,0.98212890625,0.9634349030470915,0.9631680974799225,0.03655497092218222,0.9997230684021047,0.9997230684021047,0.00027693159789531985,0.0015625,0.09375,0.0884504738208388,0.47732102235046237,220.0,0.47732102235046237,0.4959646869880438,0.47732102235046237,0.47732102235046237,0.0362780393242869,3610.0,3478.0,131.0,0.1755968494084886,173.9000000000053,-20.51589277729184,-2.6801943085460005,-6.5999999999999845,-3.1590001275762916,0.0,
mappo_no_han,MAPPO,10,144.87860627658665,0.9046482258898527,0.7751107678805182,2.1856706896800935,563.087597061661,1.0,0.0,0.5777777777777777,10240.0,197.0,0.01923828125,25.80000102519989,222.8000007867813,19.0,0.0,0.9782421874231659,0.98076171875,0.972060857538036,0.9709864603481625,0.027908261950815142,0.9988947222989776,0.9988947222989776,0.0011052777010223818,0.00185546875,0.111328125,0.08480177464299926,0.4934209967469629,149.0,0.4934209967469629,0.39539407255945375,0.4934209967469629,0.4934209967469629,0.02735562310030395,3615.0,3514.0,99.0,0.16024120576598205,175.7000000000057,-19.594232085146405,-2.605161689728224,-5.04999999999999,-3.342000133357942,-0.23000000000000015,
pdqn,PDQN,1,133.1311548273079,1.0846642797039785,0.8482410651701228,2.3971639270835103,370.8420925770171,0.8627450980392157,0.13725490196078433,0.043478260869565216,10240.0,205.0,0.02001953125,110.40000438690186,315.4000025987625,204.0,28.0,0.9691992184962146,0.97998046875,0.9498037016264722,0.9495374264087468,0.05018222596019064,0.9997196523689375,0.9997196523689375,0.0002803476310625175,0.0171875,1.03125,0.0894356881883014,0.4730330881490158,260.0,0.4730330881490158,0.52353964833263,0.4730330881490158,0.4730330881490158,0.05018222596019064,3566.0,3387.0,179.0,0.10948984132772871,169.35000000000426,-20.8505027197442,-1.4073424292733878,-8.949999999999992,-4.731000194326043,-0.2800000000000002,
pdqn,PDQN,2,135.24948216078337,1.0351596585316867,0.7998867211036772,2.2934414352959442,377.66798044848696,0.9307692307692308,0.06923076923076923,0.028112449799196786,10240.0,139.0,0.01357421875,149.40000522136688,288.40000081062317,260.0,18.0,0.9718359374208376,0.98642578125,0.9583571021106674,0.9583571021106674,0.04164289788933257,1.0,1.0,0.0,0.0236328125,1.41796875,0.08416005079565059,0.4962889753262749,231.0,0.4962889753262749,0.48757515825077125,0.4962889753262749,0.4962889753262749,0.04164289788933257,3506.0,3360.0,146.0,0.11240118465728778,168.00000000000395,-19.57997070507169,-1.3645469588173313,-7.299999999999982,-4.326000166125596,-0.1800000000000001,
pdqn,PDQN,3,128.98443714017048,1.136372718676352,0.8440303866417144,2.3297091420500076,405.8842442366014,0.6373626373626373,0.3626373626373626,0.1076923076923077,10240.0,278.0,0.0271484375,78.00000309944153,356.00000059604645,182.0,66.0,0.9652343749417923,0.9728515625,0.9443813847900113,0.9441134751773049,0.05560283687943263,0.9997163120567376,0.9997163120567376,0.00028368794326241134,0.011328125,0.6796875,0.08116846080567601,0.5098056100619782,238.0,0.5098056100619782,0.46489923394751825,0.5098056100619782,0.5098056100619782,0.05560283687943263,3524.0,3328.0,196.0,0.1219604099268634,166.4000000000036,-20.14341339114232,-1.4721500436259678,-9.800000000000004,-5.340000213123858,-0.6600000000000005,
pdqn,PDQN,4,142.4452166967094,1.0453979113379033,0.818590459370185,2.295801285750396,393.3309987562695,0.9371069182389937,0.06289308176100629,0.04487179487179487,10240.0,83.0,0.00810546875,93.60000371932983,176.60000371932983,159.0,10.0,0.9827539058867842,0.99189453125,0.9606818806708826,0.9606818806708826,0.039318119329117406,1.0,1.0,0.0,0.01455078125,0.873046875,0.08505758324792956,0.4922808048490563,244.0,0.4922808048490563,0.5189211891581782,0.4922808048490563,0.4922808048490563,0.039318119329117406,3637.0,3494.0,143.0,0.11257326810425572,174.70000000000547,-20.952863313504817,-1.4029198620774068,-7.149999999999983,-2.649000101722777,-0.10000000000000003,
pdqn,PDQN,5,135.5927979736589,0.8546922513132581,0.709625619001315,1.9946958411048397,272.8447791677797,0.8510028653295129,0.1489971346704871,0.0214168039538715,10240.0,323.0,0.03154296875,364.2000117301941,687.2000095844269,698.0,104.0,0.9328906240640208,0.96845703125,0.9667042889390519,0.9667042889390519,0.03329571106094808,1.0,1.0,0.0,0.0580078125,3.48046875,0.08262755295618181,0.5031827506660784,200.0,0.5031827506660784,0.40739675506421485,0.5031827506660784,0.5031827506660784,0.03329571106094808,3544.0,3426.0,118.0,0.0796394568499065,171.3000000000047,-17.212691886811516,-1.2465103740269978,-5.899999999999987,-10.308000437915325,-1.0400000000000007,
pdqn,PDQN,6,132.31683388561942,1.1725748703275185,0.8445119744889938,2.4069470229079326,435.374850751042,0.6446886446886447,0.3553113553113553,0.01675977653631285,10240.0,158.0,0.0154296875,107.40000426769257,265.40000343322754,273.0,97.0,0.9740820309147239,0.9845703125,0.9424141749723145,0.942153335178522,0.057569886520896764,0.9997232216994187,0.9997232216994187,0.0002767783005812344,0.0171875,1.03125,0.08743637186382011,0.4817608346079124,248.0,0.4817608346079124,0.5217927728319253,0.4817608346079124,0.4817608346079124,0.057569886520896764,3612.0,3404.0,208.0,0.12790095497974208,170.20000000000445,-21.12008528827392,-1.4120806054178074,-10.400000000000013,-3.9810001542791724,-0.9700000000000008,
pdqn,PDQN,7,138.37750600092113,1.047755857787435,0.804223001704203,2.335879760184103,390.51542884226603,0.524904214559387,0.47509578544061304,0.06802721088435375,10240.0,77.0,0.00751953125,88.20000350475311,165.2000035047531,261.0,124.0,0.9838671871577389,0.99248046875,0.9587773415591699,0.9582399103139013,0.04119955156950673,0.999439461883408,0.999439461883408,0.0005605381165919282,0.01337890625,0.802734375,0.08743641485003112,0.4817606458455824,233.0,0.4817606458455824,0.45903902719444717,0.4817606458455824,0.4817606458455824,0.04119955156950673,3566.0,3419.0,147.0,0.11421919533263118,170.95000000000462,-20.159177924735786,-1.3453157235123956,-7.349999999999982,-2.4780001044273376,-1.2400000000000009,
pdqn,PDQN,8,129.8523684605898,1.2096288610306412,0.8857664003714277,2.523532549411182,453.5417803478368,0.6338582677165354,0.3661417322834646,0.047337278106508875,10240.0,125.0,0.01220703125,101.40000379085541,226.40000247955322,254.0,93.0,0.9778906247578562,0.98779296875,0.9451512581283573,0.9451512581283573,0.05484874187164263,1.0,1.0,0.0,0.01572265625,0.9433593750000001,0.08455825420901372,0.4945080377171842,260.0,0.4945080377171842,0.5145515001343662,0.4945080377171842,0.4945080377171842,0.05484874187164263,3537.0,3343.0,194.0,0.1356690937325267,167.15000000000376,-21.806502969075357,-1.4651291195497127,-9.700000000000003,-3.3960001412779093,-0.9300000000000007,
pdqn,PDQN,9,139.4371383152902,1.0384856271310554,0.8300665204649612,2.318061267538335,369.98146351496104,0.8202764976958525,0.17972350230414746,0.05319148936170213,10240.0,165.0,0.01611328125,114.00000441074371,279.0000025033951,217.0,39.0,0.9727539060055278,0.98388671875,0.9598337950138505,0.9595679867072833,0.040155081694821376,0.9997230684021047,0.9997230684021047,0.00027693159789531985,0.0173828125,1.04296875,0.08707405049273051,0.483353581413658,296.0,0.483353581413658,0.5123425416141227,0.483353581413658,0.483353581413658,0.03987815009692606,3610.0,3465.0,144.0,0.1067767571471749,173.25000000000514,-20.592409885869664,-1.3954516723219756,-7.249999999999982,-4.185000157915056,-0.3900000000000003,
pdqn,PDQN,10,142.38275287020952,0.8202556327553636,0.7173475321057933,2.063788057803944,293.01064560593886,0.7870074547390842,0.21299254526091588,0.006720430107526882,10240.0,144.0,0.0140625,446.40001463890076,590.4000134468079,939.0,200.0,0.9423437486868351,0.9859375,0.9776181265542968,0.9776181265542968,0.02238187344570323,1.0,1.0,0.0,0.07216796875,4.330078125,0.08428983997854733,0.4957080359728759,199.0,0.4957080359728759,0.41569832191005224,0.4957080359728759,0.4957080359728759,0.02238187344570323,3619.0,3538.0,81.0,0.08281815873542647,176.90000000000597,-18.309453419510167,-1.3017941033585294,-4.049999999999994,-8.856000386178493,-2.0000000000000013,
random,Random,1,96.7856058627367,1.3843117236931386,0.946222717857157,2.7897321410001004,497.3312113867775,0.6291291291291291,0.3708708708708709,0.002380952380952381,10240.0,205.0,0.02001953125,1008.0000129938126,1213.0000166893005,2664.0,988.0,0.8815429671201855,0.97998046875,0.9189568143578238,0.9186991869918699,0.08102046537706756,0.9997196523689375,0.9997196523689375,0.0002803476310625175,0.163671875,9.8203125,0.092782726311487,0.4586499307600743,279.0,0.4586499307600743,0.5052494685888983,0.4586499307600743,0.4586499307600743,0.08102046537706756,3566.0,3277.0,289.0,0.15176417802464984,163.850000000003,-23.064452405204047,-1.4749418031900738,-14.45000000000007,-18.195000844076276,-9.879999999999834,1.0
random,Random,2,97.34371836425271,1.3449789325140644,0.9332041923818983,2.7158683671676127,491.33308871386424,0.6374730796841349,0.36252692031586503,0.0011248593925759281,10240.0,147.0,0.01435546875,1066.8000156879425,1213.8000177145004,2786.0,1010.0,0.8814648420200684,0.98564453125,0.9264118653736452,0.9264118653736452,0.07358813462635481,1.0,1.0,0.0,0.1734375,10.40625,0.09019420811586934,0.4697487143276149,277.0,0.4697487143276149,0.45908543922984213,0.4697487143276149,0.4697487143276149,0.07358813462635481,3506.0,3248.0,258.0,0.15127250268283998,162.40000000000268,-22.417386900272884,-1.431894549413801,-12.900000000000048,-18.207001047208905,-10.09999999999983,1.0
random,Random,3,95.13659973035101,1.3872897670407245,0.9357146452661326,2.7514212497190416,500.97597985229567,0.5961912164788185,0.4038087835211815,0.003248862897985705,10240.0,273.0,0.02666015625,923.4000115394592,1196.4000062942505,2573.0,1039.0,0.8831640618853271,0.97333984375,0.9168322452455294,0.9163120567375886,0.08312056737588652,0.9994326241134752,0.9994326241134752,0.0005673758865248227,0.1498046875,8.98828125,0.08714221415385756,0.4830536758942354,263.0,0.4830536758942354,0.44731256268223524,0.4830536758942354,0.4830536758942354,0.08312056737588652,3523.0,3230.0,293.0,0.1551009225548903,161.50000000000247,-21.89114993761794,-1.4862502140032647,-14.650000000000073,-17.94600085169077,-10.389999999999823,1.0
random,Random,4,104.12746894638985,1.4116028176920254,0.9525389499986505,2.767029255591454,553.241643134293,0.5940274414850686,0.4059725585149314,0.0013568521031207597,10240.0,78.0,0.0076171875,884.4000117778778,962.40001308918,2478.0,1006.0,0.9060156237217598,0.9923828125,0.923288424525708,0.923288424525708,0.076711575474292,1.0,1.0,0.0,0.14375,8.625,0.09211000797746868,0.4615181910519552,293.0,0.4615181910519552,0.4845891309916462,0.4615181910519552,0.4615181910519552,0.076711575474292,3637.0,3358.0,279.0,0.16475331838424448,167.90000000000393,-23.80415439622837,-1.5223763057684183,-13.950000000000063,-14.436000673100352,-10.05999999999983,1.0
random,Random,5,99.4323660263326,1.0523413682517282,0.766926601478402,2.2653030843445943,338.9549132743977,0.746448087431694,0.253551912568306,0.0014619883040935672,10240.0,315.0,0.03076171875,1641.6000138521194,1956.6000139713287,3660.0,928.0,0.8089257798856124,0.96923828125,0.9446952595936795,0.9446952595936795,0.055304740406320545,1.0,1.0,0.0,0.266796875,16.0078125,0.08161006545675802,0.5077950040850012,229.0,0.5077950040850012,0.3932910954367309,0.5077950040850012,0.5077950040850012,0.055304740406320545,3544.0,3348.0,196.0,0.1012410135228189,167.4000000000038,-18.334955034811728,-1.203679355833258,-9.800000000000004,-29.349001202732325,-9.279999999999847,1.0
random,Random,6,100.11657540686429,1.4500388094498788,0.9537319520327661,2.7881208552751544,557.9256229984385,0.5822573927530196,0.4177426072469804,0.0021413276231263384,10240.0,156.0,0.015234375,840.6000150442123,996.6000106334686,2401.0,1003.0,0.9026757802115754,0.984765625,0.9155592469545958,0.9153058400221422,0.0844173816772765,0.9997232216994187,0.9997232216994187,0.0002767783005812344,0.1365234375,8.19140625,0.09203654067195334,0.46183211600058005,281.0,0.46183211600058005,0.5004911305990483,0.46183211600058005,0.46183211600058005,0.0844173816772765,3612.0,3307.0,305.0,0.1687104998483334,165.35000000000335,-23.48443373011279,-1.5199906902916451,-15.250000000000082,-14.949000617489219,-10.02999999999983,1.0
random,Random,7,101.11236341786571,1.3480504170647318,0.929315004087556,2.7452514059945936,511.87709739616025,0.5746590093323761,0.4253409906676238,0.0006242197253433209,10240.0,68.0,0.006640625,961.2000125646591,1029.200014591217,2786.0,1185.0,0.8994921860750764,0.993359375,0.9284712482468443,0.9276905829596412,0.07146860986547085,0.9991591928251121,0.9991591928251121,0.0008408071748878924,0.15634765625,9.380859375,0.08984016953334815,0.4712798686705443,283.0,0.4712798686705443,0.4310485005339687,0.4712798686705443,0.4712798686705443,0.07146860986547085,3565.0,3310.0,255.0,0.15464564876016926,165.50000000000338,-22.906182744909085,-1.4434534027991426,-12.750000000000046,-15.438000652007759,-11.849999999999792,1.0
random,Random,8,99.29016275145113,1.4828128542562196,0.9855822484895191,2.8136373106448693,568.9170603135702,0.6119336025123374,0.38806639748766264,0.003652300949598247,10240.0,122.0,0.0119140625,821.4000189304352,943.4000132083893,2229.0,865.0,0.9078710924601182,0.9880859375,0.9168316831683169,0.9163132598247102,0.08312128922815945,0.9994345490528697,0.9994345490528697,0.0005654509471303364,0.133203125,7.9921875,0.08836103319414516,0.47771152984129067,283.0,0.47771152984129067,0.49993000211162575,0.47771152984129067,0.47771152984129067,0.08312128922815945,3535.0,3241.0,294.0,0.17553750703905283,162.0500000000026,-23.71959667391583,-1.5392406581806088,-14.700000000000074,-14.15100070554763,-8.64999999999986,1.0
random,Random,9,98.57240415728302,1.4029151110996245,0.9488916806635715,2.6715720145733046,530.5565081738697,0.594186902133922,0.405813097866078,0.0012368583797155227,10240.0,159.0,0.01552734375,971.400013923645,1130.4000138044357,2718.0,1103.0,0.8896093736519106,0.98447265625,0.9193905817174515,0.9191359734145667,0.08058709498753808,0.9997230684021047,0.9997230684021047,0.00027693159789531985,0.15771484375,9.462890625,0.09146787789662938,0.464266574882227,295.0,0.464266574882227,0.4982450876886488,0.464266574882227,0.464266574882227,0.08031016338964275,3610.0,3319.0,290.0,0.15985432605419395,165.95000000000348,-23.35241945936066,-1.4891763059657137,-14.550000000000072,-16.956000932492316,-11.02999999999981,1.0
random,Random,10,105.0179591725464,1.0412339340605956,0.7935724921415106,2.4341856667199764,375.43870083429204,0.7080745341614907,0.2919254658385093,0.001095290251916758,10240.0,143.0,0.01396484375,1643.4000120162964,1786.400011062622,3864.0,1128.0,0.8255468739196659,0.98603515625,0.9541309754075712,0.9541309754075712,0.04586902459242885,1.0,1.0,0.0,0.2671875,16.03125,0.08460791568164917,0.49428622745346906,235.0,0.49428622745346906,0.38183330187445513,0.49428622745346906,0.49428622745346906,0.04559270516717325,3619.0,3453.0,165.0,0.10872826551818478,172.650000000005,-19.945125109075256,-1.3109151477374104,-8.299999999999983,-26.796001760289073,-11.279999999999804,1.0
min_distance,Min-Distance,1,71.49780621628452,1.402467280503541,0.9612234190017415,2.8609790468811496,503.4187309651176,0.6286951609866315,0.37130483901336847,0.0011965300628178283,10240.0,201.0,0.01962890625,2005.8000082969666,2206.8000378608704,5311.0,1972.0,0.7844921838026494,0.98037109375,0.9181155356141335,0.9178581440986824,0.08186150827025511,0.9997196523689375,0.9997196523689375,0.0002803476310625175,0.32607421875,19.564453125,0.09406380263051775,0.45321883957940956,284.0,0.45321883957940956,0.4987097989977834,0.45321883957940956,0.45321883957940956,0.08186150827025511,3566.0,3274.0,292.0,0.15376259345299867,163.70000000000297,-23.29655902560279,-1.4836330736362378,-14.600000000000072,-33.102002546191216,-19.720000000000283,1.0
min_distance,Min-Distance,2,72.99546115953126,1.3273982760181058,0.9330136673091456,2.7327198019843078,481.12552916877985,0.6239970824215901,0.3760029175784099,0.0005841121495327102,10240.0,134.0,0.0130859375,2054.4000416994095,2188.400073170662,5484.0,2062.0,0.7862890553544275,0.9869140625,0.9284084426697091,0.9284084426697091,0.07159155733029093,1.0,1.0,0.0,0.3341796875,20.05078125,0.09030047029198662,0.4692897708045688,272.0,0.4692897708045688,0.4650626843554835,0.4692897708045688,0.4692897708045688,0.07159155733029093,3506.0,3255.0,251.0,0.1478112224788878,162.75000000000276,-22.33707173092194,-1.421465674610298,-12.550000000000043,-32.82600261177868,-20.620000000000424,1.0
min_distance,Min-Distance,3,72.14316093773232,1.406340767395001,0.9477188357992273,2.791051051005151,503.57980084619425,0.6079694103441337,0.39203058965586635,0.0016523463317911435,10240.0,269.0,0.02626953125,1815.6000176668167,2084.600024700165,4969.0,1948.0,0.7964257788378746,0.97373046875,0.9156968492761851,0.915177304964539,0.08425531914893616,0.9994326241134752,0.9994326241134752,0.0005673758865248227,0.29501953125,17.701171875,0.08763753283699037,0.4808780167262902,262.0,0.4808780167262902,0.4503310139355455,0.4808780167262902,0.4808780167262902,0.08425531914893616,3523.0,3226.0,297.0,0.15610037223998582,161.30000000000243,-22.08142432656847,-1.476413806475724,-14.850000000000076,-31.26900225225836,-19.480000000000246,1.0
min_distance,Min-Distance,4,80.4094606206636,1.43838433319729,0.973108167522194,2.804737237864495,561.3944498209897,0.5936808210907627,0.40631917890923724,0.0006775067750677507,10240.0,78.0,0.0076171875,1771.1999959945679,1849.1999959945679,4969.0,2019.0,0.8194140628911555,0.9923828125,0.9243882320593896,0.9243882320593896,0.07561176794061039,1.0,1.0,0.0,0.2880859375,17.28515625,0.09189931078800784,0.46241885907170294,298.0,0.46241885907170294,0.4836228450753204,0.46241885907170294,0.46241885907170294,0.07561176794061039,3637.0,3362.0,275.0,0.16698228727572567,168.10000000000397,-24.463918418471238,-1.54861916968504,-13.75000000000006,-27.738002287223935,-20.190000000000357,1.0
min_distance,Min-Distance,5,69.36590743335546,1.0180599847155958,0.7693606180899387,2.347094158625045,318.20619035576163,0.744179523141655,0.255820476858345,0.0007532956685499058,10240.0,314.0,0.0306640625,3186.000160098076,3500.000172972679,7130.0,1824.0,0.6582031081081368,0.9693359375,0.9506207674943566,0.9506207674943566,0.04937923250564334,1.0,1.0,0.0,0.5181640625,31.08984375,0.08209042324515313,0.5056140285951396,229.0,0.5056140285951396,0.39176434268126087,0.5056140285951396,0.5056140285951396,0.04937923250564334,3544.0,3369.0,175.0,0.09445122895688977,168.45000000000405,-18.40081231973257,-1.1932781416876463,-8.74999999999999,-52.50000426359475,-18.24000000000005,1.0
min_distance,Min-Distance,6,78.30148432124406,1.4526876467987582,0.9699415563326502,2.854837308207331,558.0668627132977,0.5757064529734289,0.42429354702657107,0.0010976948408342481,10240.0,153.0,0.01494140625,1639.8000013828278,1792.800001859665,4742.0,2012.0,0.8249218748183921,0.98505859375,0.9174972314507198,0.9172432881262109,0.08247993357320786,0.9997232216994187,0.9997232216994187,0.0002767783005812344,0.2666015625,15.99609375,0.09194911227922048,0.4622058722928404,271.0,0.4622058722928404,0.4999060167339721,0.4622058722928404,0.4622058722928404,0.08247993357320786,3612.0,3314.0,298.0,0.1683967600221176,165.70000000000343,-23.931971255396256,-1.554543740992889,-14.900000000000077,-26.8920017760247,-20.120000000000346,1.0
min_distance,Min-Distance,7,76.61804374144413,1.3414808687126252,0.9341396046131141,2.7732301038241163,505.8986480301983,0.58,0.42,0.00031625553447185326,10240.0,68.0,0.006640625,1897.20001578331,1965.20001578331,5450.0,2289.0,0.8080859359586612,0.993359375,0.9304542905215928,0.929932735426009,0.06950672645739911,0.999439461883408,0.999439461883408,0.0005605381165919282,0.30869140625,18.521484375,0.0893669711580132,0.4733313565956724,273.0,0.4733313565956724,0.4377073270673389,0.4733313565956724,0.4733313565956724,0.06950672645739911,3566.0,3318.0,248.0,0.1524709608288723,165.90000000000347,-23.06666184495055,-1.4472929200538158,-12.400000000000041,-29.478002560324967,-22.89000000000078,1.0
min_distance,Min-Distance,8,79.39990726183169,1.4765046655143437,0.9949556978622381,2.946943515645331,565.7340837656486,0.6028783449516528,0.3971216550483472,0.0018615040953090098,10240.0,122.0,0.0119140625,1611.60000705719,1733.600006699562,4447.0,1766.0,0.8307031243457459,0.9880859375,0.9199886909810574,0.9199886909810574,0.0800113090189426,1.0,1.0,0.0,0.26181640625,15.708984375000002,0.08864946291831342,0.4764529543063423,272.0,0.4764529543063423,0.5005639423447793,0.4764529543063423,0.4764529543063423,0.0800113090189426,3537.0,3254.0,283.0,0.17385804663971993,162.70000000000275,-23.915903678723836,-1.570187872570714,-14.150000000000066,-26.004001677036285,-17.65999999999996,1.0
min_distance,Min-Distance,9,73.59228881873423,1.410734654495691,0.9509666347553924,2.687331102215965,528.6707605825308,0.6040355423917068,0.39596445760829324,0.0006125574272588055,10240.0,157.0,0.01533203125,1960.200000166893,2117.2000056505203,5402.0,2139.0,0.7932421869481914,0.98466796875,0.9196675900277008,0.9194129050124619,0.08031016338964275,0.9997230684021047,0.9997230684021047,0.00027693159789531985,0.31865234375,19.119140625,0.09352579799489653,0.45549476318348614,302.0,0.45549476318348614,0.4900369219671383,0.45549476318348614,0.45549476318348614,0.08031016338964275,3610.0,3320.0,290.0,0.15923818089835265,166.0000000000035,-23.29106264775694,-1.46864784375556,-14.500000000000071,-31.758002256043255,-21.390000000000544,1.0
min_distance,Min-Distance,10,73.13707090195385,1.022217164520639,0.7787097411126489,2.4402261106805367,364.31692944127343,0.7156436719174362,0.28435632808256384,0.0005689360895126114,10240.0,142.0,0.0138671875,3163.8001747131348,3305.8002343177795,7364.0,2094.0,0.6771679458674044,0.9861328125,0.9544072948328267,0.9544072948328267,0.04559270516717325,1.0,1.0,0.0,0.5146484375,30.87890625,0.0874927088561267,0.4815134871940307,217.0,0.4815134871940307,0.3863151312351386,0.4815134871940307,0.4815134871940307,0.04531638574191766,3619.0,3454.0,164.0,0.105476818020056,172.70000000000502,-19.514067662586378,-1.2718596221822207,-8.249999999999982,-49.5870048366487,-20.940000000000474,1.0
full_local,Full-Local,1,-231.13228288921528,4.467210269740109,2.2858071113541154,4.480413271969429,550.2907482111509,0.0,0.0,1.0,10240.0,7142.0,0.6974609375,0.0,7142.0,0.0,0.0,0.30253906249999996,0.30253906249999996,0.18910527801298335,0.18783291281188674,0.8054387440426128,0.9932716568544996,0.9932716568544996,0.00672834314550042,0.0,0.0,0.0,0.0,0.0,0.0,0.0,0.0,0.0,0.8054387440426128,3543.0,670.0,2873.0,0.8213294749420162,33.500000000000234,-12.89510416119617,-0.9571817278795357,-143.6499999999984,-107.13001370429993,0.0,
full_local,Full-Local,2,-223.84878182056127,4.473652158062735,2.3396487806339272,4.484740252520627,621.1702757177733,0.0,0.0,1.0,10240.0,6973.0,0.68095703125,0.0,6973.0,0.0,0.0,0.31904296875000004,0.31904296875000004,0.199252443933295,0.19766115231032516,0.7943525385054193,0.9920136908157444,0.9920136908157444,0.007986309184255563,0.0,0.0,0.0,0.0,0.0,0.0,0.0,0.0,0.0,0.7943525385054193,3478.0,693.0,2785.0,0.896349604210351,34.65000000000017,-13.640420727875279,-1.01336037811207,-139.2499999999974,-104.59500908851624,0.0,
full_local,Full-Local,3,-242.42168955435045,4.523718224112184,2.420809747938521,4.567723084277252,482.0017230490803,0.0,0.0,1.0,10240.0,7544.0,0.73671875,0.0,7544.0,0.0,0.0,0.26328125,0.26328125,0.16542857142857142,0.16425531914893618,0.8286524822695035,0.9929078014184397,0.9929078014184397,0.0070921985815602835,0.0,0.0,0.0,0.0,0.0,0.0,0.0,0.0,0.0,0.8286524822695035,3500.0,579.0,2921.0,0.8324727513801041,28.950000000000276,-11.285661084206785,-0.8760305275352526,-146.04999999999896,-113.16001270711422,0.0,
full_local,Full-Local,4,-222.84279305464588,4.475814695795331,2.4059155932796306,4.686978037728022,654.2053351515918,0.0,0.0,1.0,10240.0,6750.0,0.6591796875,0.0,6750.0,0.0,0.0,0.3408203125,0.3408203125,0.2070874861572536,0.20566400879846028,0.7874621941160297,0.9931262029144899,0.9931262029144899,0.006873797085510036,0.0,0.0,0.0,0.0,0.0,0.0,0.0,0.0,0.0,0.7874621941160297,3612.0,748.0,2864.0,0.8746060630368875,37.40000000000001,-14.668027662049553,-1.1247655398582277,-143.1999999999983,-101.25001168996096,0.0,
full_local,Full-Local,5,-240.91151669737883,4.5462197289362765,2.392041953334283,4.553575599465037,503.8251257997278,0.0,0.0,1.0,10240.0,7469.0,0.72939453125,0.0,7469.0,0.0,0.0,0.27060546875,0.27060546875,0.16998294485503126,0.16873589164785552,0.8239277652370203,0.9926636568848759,0.9926636568848759,0.007336343115124154,0.0,0.0,0.0,0.0,0.0,0.0,0.0,0.0,0.0,0.8239277652370203,3518.0,598.0,2920.0,0.8425169327754646,29.90000000000029,-11.88249264401674,-0.894025680058688,-145.99999999999895,-112.03501303493977,0.0,
full_local,Full-Local,6,-278.6444102048408,4.600949703437899,2.3612005145653696,4.742635625493476,346.0007045660381,0.0,0.0,1.0,10240.0,8509.0,0.83095703125,0.0,8509.0,0.0,0.0,0.16904296875000002,0.16904296875000002,0.09955382041271611,0.0988098533075007,0.893717132576806,0.9925269858843067,0.9925269858843067,0.00747301411569333,0.0,0.0,0.0,0.0,0.0,0.0,0.0,0.0,0.0,0.893717132576806,3586.0,357.0,3229.0,0.9691896486443644,17.85000000000012,-6.882570840930946,-0.526842864812398,-161.45000000000246,-127.63501618802547,0.0,
full_local,Full-Local,7,-272.41466313786805,4.509115725717929,2.3539477109205884,4.62460024866986,340.9791848901866,0.0,0.0,1.0,10240.0,8489.0,0.82900390625,0.0,8489.0,0.0,0.0,0.17099609375000002,0.17099609375000002,0.11474485480687906,0.1140695067264574,0.8800448430493274,0.9941143497757847,0.9941143497757847,0.005885650224215246,0.0,0.0,0.0,0.0,0.0,0.0,0.0,0.0,0.0,0.8800448430493274,3547.0,407.0,3140.0,0.8377866950618835,20.350000000000154,-7.830884240129058,-0.5987854489654246,-157.00000000000145,-127.33501622080803,0.0,
full_local,Full-Local,8,-148.22149219422136,4.391132238236689,2.369290527963821,4.586103550129645,1060.6309441156875,0.0,0.0,1.0,10240.0,4540.0,0.443359375,0.0,4540.0,0.0,0.0,0.556640625,0.556640625,0.3447196128664959,0.3423805484874187,0.6508340401470173,0.993214588634436,0.993214588634436,0.006785411365564037,0.0,0.0,0.0,0.0,0.0,0.0,0.0,0.0,0.0,0.6508340401470173,3513.0,1211.0,2302.0,0.8758306722672894,60.5499999999987,-23.778237454522927,-1.79325676835262,-115.0999999999956,-68.10000685602427,0.0,
full_local,Full-Local,9,-267.6838386785239,4.5757658874749,2.3949086996118503,4.761203112044508,376.40902979655857,0.0,0.0,1.0,10240.0,8195.0,0.80029296875,0.0,8195.0,0.0,0.0,0.19970703125,0.19970703125,0.12210761081683859,0.1212960398781501,0.8720576017723622,0.9933536416505123,0.9933536416505123,0.006646358349487676,0.0,0.0,0.0,0.0,0.0,0.0,0.0,0.0,0.0,0.8720576017723622,3587.0,438.0,3149.0,0.8593813465674853,21.900000000000176,-8.55323849602072,-0.6556062565187439,-157.45000000000155,-122.92501392960548,0.0,
full_local,Full-Local,10,-234.78509007487446,4.438693006781629,2.337254690725255,4.616075423821459,558.9336501674087,0.0,0.0,1.0,10240.0,7243.0,0.70732421875,0.0,7243.0,0.0,0.0,0.29267578125000004,0.29267578125000004,0.18807467261075508,0.18651561204752695,0.8051948051948052,0.9917104172423321,0.9917104172423321,0.008289582757667864,0.0,0.0,0.0,0.0,0.0,0.0,0.0,0.0,0.0,0.8051948051948052,3589.0,675.0,2914.0,0.8280498520998647,33.75000000000022,-13.204060540794197,-0.9860293226497159,-145.69999999999888,-108.64501412212849,0.0,
