method,display_name,episode,reward,avg_delay,avg_success_delay,p95_success_delay,total_energy,handover_success_rate,handover_failure_rate,forced_termination_rate,total_user_seconds,blocked_user_seconds,blocked_time_ratio,handover_interruption_seconds,service_interruption_seconds,total_handovers,failed_handovers,service_continuity_rate,successful_task_throughput,service_availability_rate,task_completion_rate,task_success_rate,task_failure_rate,task_settlement_rate,task_resolution_rate,pending_task_rate,handover_frequency,handovers_per_user_minute,load_balance_variance,load_balance_coefficient,load_variance_sample_count,mec_load_fairness,jain_mec_load_fairness,active_load_balance_score,avg_load_balance_score,deadline_violation_rate,resolved_tasks,completed_tasks,deadline_violations,energy_per_successful_task,reward_task_success,reward_load_balance,penalty_delay,penalty_energy,penalty_task_failure,penalty_service_interruption,penalty_failed_handover,selected_offload
han_pdqn_multiuser_u25,HAN+PDQN,1,100.13295109337196,1.8619377398952446,1.6740099867806069,3.8686500438170994,4979.938664343844,1.0,0.0,0.08108108108108109,12800.0,148.0,0.0115625,66.60000252723694,214.60000097751617,102.0,0.0,0.9832343749236315,20.0296875,0.9884375,0.9424349360388178,0.9422271223814774,0.05755237045203969,0.9997794928335171,0.9997794928335171,0.0002205071664829107,0.00796875,0.478125,0.07720403899617949,0.5280984963814523,474.0,0.5280984963814523,0.6432897698916649,0.5280984963814523,0.5280984963814523,0.056670341786108046,4534.0,4273.0,257.0,1.1654431697504901,170.92000000000027,15.245967546432537,-42.65804484093659,-30.359770201087244,-10.439999999999953,-2.5752000738866627,0.0,
han_pdqn_multiuser_u25,HAN+PDQN,2,106.3591819847934,1.5983046632410531,1.4792309598789875,3.372131795659863,4097.4284942226805,1.0,0.0,0.04390243902439024,12800.0,437.0,0.034140625,123.00000441074371,560.0000004768372,196.0,0.0,0.9562499999627471,20.240625,0.965859375,0.9668607254814151,0.9662116804654285,0.0331170284179906,0.9993287088834191,0.9993287088834191,0.0006712911165808906,0.0153125,0.91875,0.07860671284143984,0.5215757331204044,447.0,0.5215757331204044,0.5511083245631666,0.5215757331204044,0.5215757331204044,0.03244573730140971,4466.0,4318.0,145.0,0.9489181320571284,172.7199999999999,12.317271053986817,-38.37431383173008,-27.663775455482533,-5.920000000000004,-6.720000175759196,0.0,
han_pdqn_multiuser_u25,HAN+PDQN,3,101.05305233428953,1.8185372495945746,1.660528047986244,3.833287868890991,4866.276391291529,1.0,0.0,0.15463917525773196,12800.0,165.0,0.012890625,58.20000231266022,223.20000183582306,82.0,0.0,0.9825624998565763,19.8,0.987109375,0.9458128078817734,0.9458128078817734,0.054187192118226604,1.0,1.0,0.0,0.00640625,0.38437499999999997,0.06559908264288829,0.5842885087399573,457.0,0.5842885087399573,0.682514430533829,0.5842885087399573,0.5842885087399573,0.053963278101209135,4466.0,4224.0,241.0,1.1520540699080324,168.96000000000066,15.595454737698098,-41.309124537660864,-29.83487698890897,-9.67999999999997,-2.6784000918269157,0.0,
han_pdqn_multiuser_u25,HAN+PDQN,4,101.73776884144172,1.7551646315336082,1.6386349079678473,3.709204888804837,4834.49939508199,1.0,0.0,0.024793388429752067,12800.0,70.0,0.00546875,72.60000276565552,142.6000028848648,118.0,0.0,0.9888593747746199,20.0625,0.99453125,0.9517456081832333,0.9506885828520657,0.0482007996446024,0.9988893824966681,0.9988893824966681,0.0011106175033318525,0.00921875,0.553125,0.08711488477459828,0.48317390474855465,449.0,0.48317390474855465,0.5852078188313781,0.48317390474855465,0.48317390474855465,0.0482007996446024,4497.0,4280.0,217.0,1.1295559334303715,171.20000000000022,13.13791553276448,-42.00891560824333,-30.200031022499783,-8.67999999999999,-1.711200051009655,0.0,
han_pdqn_multiuser_u25,HAN+PDQN,5,96.34529403585475,1.8925855209289966,1.74513317753088,3.951726381605211,5019.388808842632,1.0,0.0,0.12844036697247707,12800.0,134.0,0.01046875,65.40000247955322,199.4000015258789,95.0,0.0,0.9844218748807907,19.55625,0.98953125,0.9441050011314777,0.943677900927392,0.05586971273467541,0.9995476136620675,0.9995476136620675,0.00045238633793259444,0.007421875,0.4453125,0.07662630526230442,0.5308013835519587,468.0,0.5308013835519587,0.6545011979089305,0.5308013835519587,0.5308013835519587,0.055643519565709114,4419.0,4172.0,246.0,1.2031133290610336,166.88000000000108,15.315328031069054,-43.08251704498474,-30.49471624001602,-9.879999999999965,-2.3928000889718533,0.0,
pdqn,PDQN,1,87.80122492078226,2.0150394975457515,1.7480331068306916,3.944272367013857,5197.188555955737,0.7611940298507462,0.23880597014925373,0.11304347826086956,12800.0,199.0,0.015546875,69.00000274181366,268.00000178813934,134.0,32.0,0.9790624998603016,19.55625,0.984453125,0.9199558985667035,0.9199558985667035,0.08004410143329659,1.0,1.0,0.0,0.00796875,0.478125,0.11576617828255324,0.3669935321733097,455.0,0.3669935321733097,0.5743187926183433,0.3669935321733097,0.3669935321733097,0.07916207276736494,4535.0,4172.0,359.0,1.2457307181101958,166.88000000000108,13.065752532067393,-43.35295021222897,-30.799575693872928,-14.519999999999866,-3.2160000912845135,-0.25600000000000017,
pdqn,PDQN,2,92.38986186077818,1.790860534916453,1.6208370177744096,3.7022048046892886,4550.906360610134,0.7443820224719101,0.2556179775280899,0.05693950177935943,12800.0,450.0,0.03515625,168.60000598430634,618.6000044345856,356.0,91.0,0.951671874653548,19.828125,0.96484375,0.9469442578912022,0.9465204743790557,0.05303199820989036,0.9995524725889461,0.9995524725889461,0.00044752741105392703,0.020703125,1.2421875,0.09398003267998195,0.45357274404694736,413.0,0.45357274404694736,0.5306477820951878,0.45357274404694736,0.45357274404694736,0.0521369433877825,4467.0,4230.0,233.0,1.0758643878510954,169.2000000000006,10.957876700265595,-40.87111386201647,-29.265700536608914,-9.479999999999974,-7.4232001369819045,-0.7280000000000005,
pdqn,PDQN,3,87.16616129584145,1.9542174678813355,1.736295122652203,4.003582854843046,5119.533326080405,0.8811881188118812,0.1188118811881188,0.21238938053097345,12800.0,323.0,0.025234375,67.20000267028809,390.2000015974045,101.0,12.0,0.9695156248752028,19.3078125,0.974765625,0.9223018360949395,0.9223018360949395,0.07769816390506046,1.0,1.0,0.0,0.006953125,0.4171875,0.09551958201492053,0.44709598536851836,438.0,0.44709598536851836,0.6108406456278841,0.44709598536851836,0.44709598536851836,0.0768025078369906,4466.0,4119.0,343.0,1.2429068526536549,164.7600000000015,13.377410139250745,-41.885289495366116,-30.42755822051479,-13.87999999999988,-4.6824001292698085,-0.09600000000000003,
pdqn,PDQN,4,87.11390900425613,1.9362982465327565,1.715958072925464,3.917782395542579,5163.953675596157,0.9680851063829787,0.031914893617021274,0.09,12800.0,117.0,0.009140625,120.000004529953,237.0000044107437,188.0,6.0,0.9814843746554106,19.471875,0.990859375,0.9233162925094466,0.9227010217681031,0.07663260772989783,0.9993336294980009,0.9993336294980009,0.0006663705019991116,0.01421875,0.853125,0.11481243143449324,0.37056732972045503,421.0,0.37056732972045503,0.5234614226886676,0.37056732972045503,0.37056732972045503,0.07618836072856508,4499.0,4154.0,343.0,1.2431279912364366,166.16000000000122,11.018862947596467,-42.57494051909385,-30.7980122187076,-13.799999999999882,-2.844000085722655,-0.048,
pdqn,PDQN,5,88.92368391552009,1.9853010760000678,1.7946832120755603,4.048999969667916,5092.106974403593,0.83,0.17,0.17,12800.0,212.0,0.0165625,60.00000238418579,272.0000009536743,100.0,17.0,0.9787499999254942,19.25625,0.9834375,0.9300430156214625,0.929201538113549,0.06989368921058584,0.9990952273241348,0.9990952273241348,0.0009047726758651889,0.006484375,0.3890625,0.09321565053239103,0.4568100237399064,461.0,0.4568100237399064,0.6381116702716361,0.4568100237399064,0.4568100237399064,0.06966749604161954,4417.0,4108.0,308.0,1.2395586597866586,164.32000000000158,14.708473999761285,-43.59179936428629,-30.752989634532675,-12.359999999999912,-3.2640000879764557,-0.13600000000000007,
han_mappo,HAN+MAPPO,1,64.57874127093237,2.8263853512347383,2.012419201263538,4.239666892758458,5902.03328439808,1.0,0.0,0.5483870967741935,12800.0,175.0,0.013671875,37.20000147819519,212.2000012397766,28.0,0.0,0.9834218749031425,17.484375,0.986328125,0.8235813645396335,0.8224917309812569,0.17618522601984565,0.9986769570011025,0.9986769570011025,0.001323042998897464,0.0021875,0.13125,0.049465224873181265,0.6696429450589529,512.0,0.6696429450589529,0.8417925670908781,0.6696429450589529,0.6696429450589529,0.1733186328555678,4529.0,3730.0,786.0,1.5823145534579302,149.2000000000046,21.549889717526447,-43.95264370912532,-27.712105460358604,-31.959999999999496,-2.5464000566862524,0.0,
han_mappo,HAN+MAPPO,2,88.96424719132483,2.195100489315356,1.8455218956140365,4.006333870199684,4789.63558555047,1.0,0.0,0.40298507462686567,12800.0,455.0,0.035546875,40.20000159740448,495.20000076293945,40.0,0.0,0.9613124999403954,19.0875,0.964453125,0.9121863799283154,0.9111658089057955,0.08771537256656971,0.9988811814723652,0.9988811814723652,0.0011188185276348177,0.003125,0.1875,0.0709328344959949,0.5579583833646032,512.0,0.5579583833646032,0.8001592850319448,0.5579583833646032,0.5579583833646032,0.08659655403893489,4464.0,4072.0,387.0,1.1762366369230035,162.88000000000187,20.48407769681779,-43.85268875811872,-28.924742124123046,-15.679999999999842,-5.942400054540485,0.0,
han_mappo,HAN+MAPPO,3,63.414162218454294,2.768226204566741,2.0778304449392837,4.380009376644775,5721.13267163729,1.0,0.0,0.43478260869565216,12800.0,181.0,0.014140625,41.40000140666962,222.40000092983246,39.0,0.0,0.9826249999273569,17.19375,0.985859375,0.8224215246636771,0.8213166144200627,0.17733990147783252,0.9986565158978952,0.9986565158978952,0.0013434841021047917,0.003046875,0.18281250000000002,0.048155229930862326,0.6769788009955164,512.0,0.6769788009955164,0.8542825828359897,0.6769788009955164,0.6769788009955164,0.17577250335871025,4460.0,3668.0,785.0,1.55974173163503,146.7200000000051,21.86963412060134,-43.90536699130665,-26.921305552918948,-31.679999999999502,-2.668800078332424,0.0,
han_mappo,HAN+MAPPO,4,65.81813011926715,2.6979507729484875,2.010681264066203,4.25316249044301,5673.043277409126,1.0,0.0,0.3181818181818182,12800.0,95.0,0.007421875,52.800002217292786,147.80000221729279,60.0,0.0,0.988453124826774,17.60625,0.992578125,0.8354092526690391,0.8342958685028876,0.16437139049311417,0.9986672589960017,0.9986672589960017,0.0013327410039982231,0.0046875,0.28125,0.09748745865183521,0.4389008510979805,512.0,0.4389008510979805,0.731204383121297,0.4389008510979805,0.4389008510979805,0.1628165259884496,4496.0,3756.0,733.0,1.5103949087883721,150.2400000000044,18.71883220790518,-44.25647538083981,-27.510627901711413,-29.599999999999547,-1.7736000455915928,0.0,
han_mappo,HAN+MAPPO,5,61.41177626978606,2.8893022897926524,2.005351227449187,4.2474895217918744,5904.147427193606,1.0,0.0,0.4375,12800.0,145.0,0.011328125,38.40000140666962,183.40000092983246,36.0,0.0,0.9856718749273569,16.9734375,0.988671875,0.820716228467815,0.8190454648269623,0.1789187966523411,0.9979642614793033,0.9979642614793033,0.002035738520696675,0.0028125,0.16874999999999998,0.06614025536997192,0.5815765044374406,512.0,0.5815765044374406,0.7887237904001968,0.5815765044374406,0.5815765044374406,0.17778783080750962,4412.0,3621.0,786.0,1.630529529741399,144.84000000000546,20.191329034245147,-42.60464532175466,-27.174107631061855,-31.639999999999503,-2.2008000682108104,0.0,
mappo_no_han,MAPPO,1,62.80591683648527,2.861829726916195,2.012942221308701,4.332233120323435,5790.291713889705,1.0,0.0,0.5357142857142857,12800.0,169.0,0.013203125,33.60000133514404,202.60000109672546,26.0,0.0,0.9841718749143183,17.34375,0.986796875,0.8167770419426048,0.8158765159867696,0.18302094818081588,0.9988974641675854,0.9988974641675854,0.0011025358324145535,0.00203125,0.12187500000000001,0.056553591925573334,0.631036181501969,512.0,0.631036181501969,0.8208367956906353,0.631036181501969,0.631036181501969,0.1814773980154355,4530.0,3700.0,823.0,1.564943706456677,148.00000000000483,21.013421969680216,-43.411714202256,-27.164591705022545,-33.19999999999947,-2.4312000516802073,0.0,
mappo_no_han,MAPPO,2,87.19547527190298,2.2171114324735,1.8645211189923765,4.088076135220243,4612.407882032428,1.0,0.0,0.14583333333333334,12800.0,450.0,0.03515625,86.40000331401825,536.4000024795532,123.0,0.0,0.9580937498062849,19.0171875,0.96484375,0.908622620380739,0.907809353322891,0.09129559185500112,0.9991049451778922,0.9991049451778922,0.0008950548221078541,0.009609375,0.5765625,0.0770899440847442,0.5286315248825177,512.0,0.5286315248825177,0.7743159057608214,0.5286315248825177,0.5286315248825177,0.08972924591631237,4465.0,4057.0,401.0,1.136901129413958,162.280000000002,19.822487187477,-43.96190790131142,-28.18830455660229,-16.31999999999983,-6.436800055205822,0.0,
mappo_no_han,MAPPO,3,62.63641082542017,2.778461619770993,2.0504668976171487,4.304054065051083,5668.253313588506,1.0,0.0,0.5344827586206896,12800.0,181.0,0.014140625,34.80000138282776,215.80000054836273,27.0,0.0,0.9831406249571591,17.1234375,0.985859375,0.818691169878978,0.8179579041648007,0.18114643976712944,0.9991043439319302,0.9991043439319302,0.0008956560680698612,0.002109375,0.12656250000000002,0.05154230434107633,0.6581421339622283,512.0,0.6581421339622283,0.8383242317422944,0.6581421339622283,0.6581421339622283,0.17890729959695478,4462.0,3653.0,799.0,1.551670767475638,146.1200000000052,21.461100332602726,-43.39281621283239,-26.602274273917924,-32.35999999999949,-2.589600081089884,0.0,
mappo_no_han,MAPPO,4,62.59450357087189,2.780504280983429,1.9776469166056263,4.189779320407572,5631.3950405773885,1.0,0.0,0.4393939393939394,12800.0,96.0,0.0075,39.60000169277191,135.60000145435333,37.0,0.0,0.9894062498863786,17.315625,0.9925,0.8218020022246941,0.8205242114615726,0.17792092403376278,0.9984451354953354,0.9984451354953354,0.0015548645046645935,0.002890625,0.1734375,0.10210013444112181,0.42005057962739856,512.0,0.42005057962739856,0.7094185842711302,0.42005057962739856,0.42005057962739856,0.1761439360284318,4495.0,3694.0,793.0,1.524470774384783,147.76000000000488,18.161115757340937,-42.9319232052105,-26.727489661253646,-32.039999999999495,-1.6272000344470143,0.0,
mappo_no_han,MAPPO,5,52.61381538491696,3.0374344638740296,2.0330161169559524,4.328952651223608,6006.243164737301,1.0,0.0,0.43137254901960786,12800.0,139.0,0.010859375,30.600001215934753,169.60000014305115,29.0,0.0,0.9867499999888242,16.396875,0.989140625,0.7928377153218495,0.7912237050441077,0.20674055643519565,0.9979642614793033,0.9979642614793033,0.002035738520696675,0.002265625,0.1359375,0.07716049161221536,0.528301897139377,512.0,0.528301897139377,0.7452235480801215,0.528301897139377,0.528301897139377,0.20583578375933048,4412.0,3498.0,910.0,1.717050647437765,139.92000000000644,19.077722830851215,-41.766062464073755,-26.02264479587953,-36.5599999999994,-2.0352000584825873,0.0,
maddpg,MADDPG,1,36.87902531061991,3.4632568495829843,2.2874542204771338,4.522292785749306,5781.7518811691125,1.0,0.0,0.559322033898305,12800.0,172.0,0.0134375,35.40000128746033,207.40000140666962,26.0,0.0,0.9837968748901039,15.4078125,0.9865625,0.7259275618374559,0.7248070562293275,0.27364939360529217,0.9984564498346197,0.9984564498346197,0.0015435501653803748,0.00203125,0.12187500000000001,0.03857685523977182,0.7326406845225393,512.0,0.7326406845225393,0.8793941131905565,0.7326406845225393,0.7326406845225393,0.2707828004410143,4528.0,3287.0,1228.0,1.7589753213170407,131.48000000000812,22.51248929767829,-44.41477366136312,-20.569891242877127,-49.63999999999912,-2.488800053484738,0.0,
maddpg,MADDPG,2,51.20613763133588,2.796907152816177,2.280952697816885,4.5247235131072046,4517.915313071898,0.9781181619256017,0.02188183807439825,0.050955414012738856,12800.0,452.0,0.0353125,282.6000097990036,734.6000094413757,457.0,10.0,0.9426093742623926,16.678125,0.9646875,0.7977578475336323,0.7961512642649362,0.2018348623853211,0.9979861266502573,0.9979861266502573,0.0020138733497426717,0.034921875,2.0953125,0.06475161206015662,0.5885542149485098,512.0,0.5885542149485098,0.8477392796252485,0.5885542149485098,0.5885542149485098,0.20026851644663235,4460.0,3558.0,895.0,1.2697907006947435,142.32000000000596,21.702125558406408,-47.547535990449504,-20.29325212114593,-36.07999999999941,-8.815200177952647,-0.08000000000000002,
maddpg,MADDPG,3,39.51351573797001,3.181669272936484,2.3403412675829047,4.688658417217764,5628.20788191195,1.0,0.0,0.4461538461538462,12800.0,179.0,0.013984375,39.000001311302185,218.00000095367432,36.0,0.0,0.9829687499254942,15.45,0.986015625,0.7390134529147983,0.7380206000895656,0.2606359158083296,0.9986565158978952,0.9986565158978952,0.0013434841021047917,0.0028125,0.16874999999999998,0.03982016398304837,0.7252077741190053,512.0,0.7252077741190053,0.8807331679398379,0.7252077741190053,0.7252077741190053,0.25862068965517243,4460.0,3296.0,1155.0,1.7075873428130914,131.84000000000805,22.54676909925987,-44.91949409264962,-20.777760577944203,-46.559999999999185,-2.616000080946833,0.0,
maddpg,MADDPG,4,39.65011894302734,3.142251734039462,2.272810855501239,4.592177510402273,5522.1328093053835,1.0,0.0,0.33783783783783783,12800.0,92.0,0.0071875,44.40000128746033,136.40000128746033,49.0,0.0,0.9893437498994172,15.665625,0.9928125,0.7436582109479306,0.7423367392270103,0.2558862727676588,0.998223011994669,0.998223011994669,0.001776988005330964,0.003828125,0.2296875,0.09677839674627603,0.44184298875408357,512.0,0.44184298875408357,0.7512124968867229,0.44184298875408357,0.44184298875408357,0.2538871612616615,4494.0,3342.0,1143.0,1.6523437490441004,133.68000000000768,19.231039920300045,-44.780244856049904,-20.763877102150513,-46.079999999999195,-1.6368000376969576,0.0,
maddpg,MADDPG,5,33.085361468751216,3.5815401951049437,2.2731931825432294,4.562234656004017,5832.274501122904,1.0,0.0,0.4,12800.0,143.0,0.011171875,39.00000059604645,181.9999998807907,39.0,0.0,0.9857812500093133,14.85,0.988828125,0.7177163570457635,0.7165799592852296,0.28183668853200633,0.9984166478172359,0.9984166478172359,0.0015833521827640805,0.003046875,0.18281250000000002,0.060283518702447234,0.6114294503649911,512.0,0.6114294503649911,0.8277952531960648,0.6114294503649911,0.6114294503649911,0.28002714318027594,4414.0,3168.0,1238.0,1.8409957389908158,126.72000000000861,21.191558481819396,-42.7669893108786,-20.03520842112774,-49.839999999999115,-2.1840000678785145,0.0,
min_distance,Min-Distance,1,16.84546876064269,3.8403111189806953,2.27459121456862,4.79769434322545,6794.757429224681,1.0,0.0,0.06521739130434782,12800.0,142.0,0.01109375,27.600001096725464,169.60000002384186,43.0,0.0,0.9867499999981374,14.4234375,0.98890625,0.6792494481236203,0.6785005512679162,0.32039691289966926,0.9988974641675854,0.9988974641675854,0.0011025358324145535,0.003359375,0.2015625,0.11458973564120611,0.3714044887211294,512.0,0.3714044887211294,0.6343397820289878,0.3714044887211294,0.3714044887211294,0.32017640573318634,4530.0,3077.0,1452.0,2.2082409584740597,123.08000000000804,16.239098419942252,-41.19515155092932,-21.12327625557374,-58.11999999999894,-2.0352000542916358,0.0,1.0
min_distance,Min-Distance,2,15.397138825705042,3.500768876135949,2.3115537632017533,4.796092045062124,6401.399955682163,1.0,0.0,0.13636363636363635,12800.0,434.0,0.03390625,26.400001049041748,460.39999854564667,38.0,0.0,0.9640312501136213,14.596875,0.96609375,0.6977369482410934,0.6968001790109645,0.3018572387558738,0.9986574177668383,0.9986574177668383,0.0013425822331617813,0.00296875,0.178125,0.13792023567468825,0.2889247685941869,512.0,0.2889247685941869,0.5113409410681471,0.2889247685941869,0.2889247685941869,0.3011859476392929,4463.0,3114.0,1346.0,2.0556839934753253,124.56000000000827,13.090328091344594,-41.73646891049113,-21.031919761046296,-53.95999999999903,-5.524800090119243,0.0,1.0
min_distance,Min-Distance,3,22.92679870466236,3.518005053983958,2.2673867983540767,4.7642473723119085,6451.306961313932,1.0,0.0,0.06,12800.0,153.0,0.011953125,30.000001192092896,183.00000047683716,47.0,0.0,0.9857031249627471,14.53125,0.988046875,0.6946000448129062,0.6941334527541424,0.3051948051948052,0.9993282579489476,0.9993282579489476,0.0006717420510523958,0.003671875,0.2203125,0.10111302265988666,0.4240428800168315,512.0,0.4240428800168315,0.6710175455071947,0.4240428800168315,0.4240428800168315,0.3051948051948052,4463.0,3100.0,1363.0,2.0810667617141716,124.00000000000819,17.17804916498424,-40.944963613783834,-20.590285618116305,-54.519999999999015,-2.1960000670515,0.0,1.0
min_distance,Min-Distance,4,16.930654057352513,3.8498923242871013,2.2214115338082197,4.624462417004018,6513.788971980084,0.98,0.02,0.02,12800.0,68.0,0.0053125,30.000001192092896,98.0000011920929,50.0,1.0,0.9923437499068677,14.315625,0.9946875,0.6789684304135171,0.6783651710350955,0.32074633496223903,0.9991115059973346,0.9991115059973346,0.000888494002665482,0.003828125,0.2296875,0.1332212820786403,0.3047292083778262,512.0,0.3047292083778262,0.5557466858312974,0.3047292083778262,0.3047292083778262,0.32074633496223903,4498.0,3054.0,1444.0,2.132871307131658,122.1600000000079,14.227115157281279,-39.96484377099298,-20.54761568476395,-57.759999999998946,-1.1760000339709222,-0.008,1.0
min_distance,Min-Distance,5,10.282794456667034,3.9995851537705303,2.2717504963892683,4.654781179737353,6804.936272682869,1.0,0.0,0.11904761904761904,12800.0,122.0,0.00953125,25.200001001358032,147.19999957084656,37.0,0.0,0.9885000000335276,13.6265625,0.99046875,0.658586316266425,0.657543542185026,0.3408731056322099,0.9984166478172359,0.9984166478172359,0.0015833521827640805,0.002890625,0.1734375,0.12443824792636513,0.33533367055581115,512.0,0.33533367055581115,0.5899360503076889,0.33533367055581115,0.33533367055581115,0.34064691246324363,4414.0,2907.0,1506.0,2.3408793507681005,116.28000000000698,15.102362887876946,-38.916657082842086,-20.136509273592463,-60.27999999999889,-1.7664000536315143,0.0,1.0
full_local,Full-Local,1,-149.07420842559077,5.4944722940857345,2.1928010908249926,5.275746822616348,9509.357831217638,0.0,0.0,1.0,12800.0,8313.0,0.649453125,0.0,8313.0,0.0,0.0,0.35054687500000004,10.6875,0.35054687500000004,0.5027563395810364,0.5027563395810364,0.4972436604189636,1.0,1.0,0.0,0.0,0.0,0.0,0.0,0.0,0.0,0.0,0.0,0.0,0.4972436604189636,4535.0,2280.0,2255.0,4.170770978604227,91.20000000000306,0.0,-29.38588893828349,-20.932320175135374,-90.2000000000029,-99.75600424595177,0.0,
full_local,Full-Local,2,-164.43662766300258,5.110292970616859,2.256495743549922,5.426896072539305,9382.66333082833,0.0,0.0,1.0,12800.0,9752.0,0.761875,0.0,9752.0,0.0,0.0,0.23812500000000003,10.6359375,0.23812500000000003,0.5077198478406802,0.5077198478406802,0.49228015215931975,1.0,1.0,0.0,0.0,0.0,0.0,0.0,0.0,0.0,0.0,0.0,0.0,0.49228015215931975,4469.0,2269.0,2200.0,4.135153517332892,90.76000000000299,0.0,-29.248453322182268,-20.92417495180702,-88.00000000000256,-117.0240048263222,0.0,
full_local,Full-Local,3,-178.0561749599874,5.51659495297461,2.2249155059732924,5.350200502043827,9387.895825796855,0.0,0.0,1.0,12800.0,10497.0,0.820078125,0.0,10497.0,0.0,0.0,0.179921875,10.228125,0.179921875,0.4885803851321093,0.4885803851321093,0.5114196148678908,1.0,1.0,0.0,0.0,0.0,0.0,0.0,0.0,0.0,0.0,0.0,0.0,0.5114196148678908,4466.0,2182.0,2284.0,4.302427051235956,87.28000000000245,0.0,-27.980334823317452,-20.03184092256803,-91.36000000000308,-125.96400554291904,0.0,
full_local,Full-Local,4,-173.78436061460525,5.189833535213569,2.206675837902795,5.28325740948924,9269.452696971965,0.0,0.0,1.0,12800.0,10586.0,0.82703125,0.0,10586.0,0.0,0.0,0.17296875,10.7765625,0.17296875,0.5106619280319857,0.5106619280319857,0.4893380719680142,1.0,1.0,0.0,0.0,0.0,0.0,0.0,0.0,0.0,0.0,0.0,0.0,0.4893380719680142,4502.0,2299.0,2203.0,4.031949846442786,91.96000000000318,0.0,-29.438381560033967,-21.153979463647612,-88.12000000000258,-127.03200519643724,0.0,
full_local,Full-Local,5,-111.72789808787638,5.48591195671635,2.190450910881669,5.275332829462671,9376.738813720684,0.0,0.0,1.0,12800.0,5571.0,0.435234375,0.0,5571.0,0.0,0.0,0.5647656249999999,10.6734375,0.5647656249999999,0.5150418457362588,0.5150418457362588,0.4849581542637412,1.0,1.0,0.0,0.0,0.0,0.0,0.0,0.0,0.0,0.0,0.0,0.0,0.4849581542637412,4421.0,2277.0,2144.0,4.1180231944315695,91.08000000000304,0.0,-29.237136465022406,-20.95876197504812,-85.76000000000221,-66.85200206190348,0.0,
